{"data":"|¦¨country¨¦¨iso2¨¨iso3¨¨name¨¨officialName¨¨timezones¨‡¨latitude¨¨longitude¨ß3¨nameAscii¨¨province¨¨state¨¨timezone¨‡¨AF¨¨AFG¨¨Afghanistan¨¨The Islamic Republic of Afghanistan¨|¨Asia/Kabul¨÷£Y.8L£17.2x¨Kabul¨ßHßH´´ßG¨AX¨¨ALA¨¨Åland Islands¨¨Åland¨|¨Europe/Mariehamn¨÷£y.1Z£J.FJ¨Mariehamn¨ßN¨Finström¨´´ßM¨AL¨¨ALB¨¨Albania¨¨The Republic of Albania¨|¨Europe/Tirane¨÷£f.5I£J.DD¨Tirana¨ßU¨Durrës¨´´ßT¨DZ¨¨DZA¨¨Algeria¨¨The People's Democratic Republic of Algeria¨|¨Africa/Algiers¨÷£a.CJ£3.p¨Algiers¨ßb¨Alger¨´´ßa¨AS¨¨ASM¨¨American Samoa¨¨The Territory of American Samoa¨|¨Pacific/Pago_Pago¨÷£-E.-4T£-2k.-BP¨Pago Pago¨ßißfßdßh¨AD¨¨AND¨¨Andorra¨¨The Principality of Andorra¨|¨Europe/Andorra¨÷£g.84£1.8K¨Andorra la Vella¨ßo´´´´ßn¨AO¨¨AGO¨¨Angola¨¨The Republic of Angola¨|¨Africa/Luanda¨÷£-8.-DW£D.3m¨Luanda¨ßußu´´ßt¨AI¨¨AIA¨¨Anguilla¨ßx|¨America/Anguilla¨÷£I.3V£-11.-o¨The Valley¨ßzßz´´ßy´AQ´¨ATA¨¨Antarctica¨ß11|¨America/Buenos_Aires¨¨Antarctica/Casey¨¨Antarctica/McMurdo¨¨Antarctica/Palmer¨¨Antarctica/Rothera¨¨Antarctica/Syowa¨¨Europe/Oslo¨÷£-10.-X£-w.-5e¨King George Island¨ß19´´´´ß14´AG´¨ATG¨¨Antigua and Barbuda¨ß1B|¨America/Antigua¨÷£H.1u£-z.-Di¨Saint John's¨ß1D´´´´ß1C´AR´¨ARG¨¨Argentina¨¨The Argentine Republic¨|¨America/Argentina/La_Rioja¨¨America/Argentina/Rio_Gallegos¨¨America/Argentina/Salta¨¨America/Argentina/San_Juan¨¨America/Argentina/San_Luis¨¨America/Argentina/Tucuman¨¨America/Argentina/Ushuaia¨¨America/Asuncion¨ß12¨America/Catamarca¨¨America/Cordoba¨¨America/Jujuy¨¨America/Mendoza¨¨America/Santiago¨÷£-Y.-9j£-w.-6Q¨Buenos Aires¨ß1U¨Ciudad de Buenos Aires¨´´ß12´AM´¨ARM¨¨Armenia¨¨The Republic of Armenia¨|¨Asia/Yerevan¨÷£e.2v£i.8I¨Yerevan¨ß1a¨Erevan¨´´ß1Z´AW´¨ABW¨¨Aruba¨ß1d|¨America/Aruba¨÷£C.8Y£-18.-T¨Oranjestad¨ß1f´´´´ß1e´SH´¨SHN¨¨Ascension Island¨¨Saint Helena, Ascension and Tristan da Cunha¨|¨Atlantic/St_Helena¨÷£-7.-Ez£-E.-6e¨Georgetown¨ß1kß1h´´ß1j´AU´¨AUS¨¨Australia¨ß1m|¨Australia/Adelaide¨¨Australia/Brisbane¨¨Australia/Broken_Hill¨¨Australia/Darwin¨¨Australia/Hobart¨¨Australia/Melbourne¨¨Australia/Perth¨¨Australia/Sydney¨÷£-Z.-4Z£2P.25¨Canberra¨ß1v¨Australian Capital Territory¨´´ß1u´AT´¨AUT¨¨Austria¨¨The Republic of Austria¨|¨Europe/Berlin¨¨Europe/Vienna¨÷£m.3E£G.5v¨Vienna¨ß22¨Wien¨´´ß21´AZ´¨AZE¨¨Azerbaijan¨¨The Republic of Azerbaijan¨|¨Asia/Baku¨ß1Z÷£e.6N£n.Du¨Baku¨ß28¨Baki¨´´ß27´BS´¨BHS¨¨Bahamas¨¨The Commonwealth of the Bahamas¨|¨America/Nassau¨÷£P.1L£-1F.-5e¨Nassau¨ß2E´´´´ß2D´BH´¨BHR¨¨Bahrain¨¨The Kingdom of Bahrain¨|¨Asia/Bahrain¨÷£Q.3o£o.9P¨Manama¨ß2J´´´´ß2I´BD´¨BGD¨¨Bangladesh¨¨The People's Republic of Bangladesh¨|¨Asia/Dhaka¨÷£N.Bf£1S.6b¨Dhaka¨ß2Oß2O´´ß2N´BB´¨BRB¨¨Barbados¨ß2Q|¨America/Barbados¨÷£D.1e£-x.-9x¨Bridgetown¨ß2S¨Saint Michael¨´´ß2R´BY´¨BLR¨¨Belarus¨¨The Republic of Belarus¨|¨Europe/Minsk¨÷£r.EW£R.99¨Minsk¨ß2Yß2Y´´ß2X´BE´¨BEL¨¨Belgium¨¨The Kingdom of Belgium¨|¨Europe/Brussels¨÷£o.DR£4.5N¨Brussels¨ß2dß2d´´ß2c´BZ´¨BLZ¨¨Belize¨ß2f|¨America/Belize¨÷£H.44£-1Q.-CN¨Belmopan¨ß2h¨Cayo¨´´ß2g´BJ´¨BEN¨¨Benin¨¨The Republic of Benin¨|¨Africa/Porto-Novo¨÷£6.7n£2.9x¨Porto-Novo¨ß2n¨Ouémé¨´´ß2m´BM´¨BMU¨¨Bermuda¨ß2q|¨Atlantic/Bermuda¨÷£W.4k£-12.-Ce¨Hamilton¨ß2s´´´´ß2r´BT´¨BTN¨¨Bhutan¨¨The Kingdom of Bhutan¨|¨Asia/Thimphu¨÷£R.7d£1R.AJ¨Thimphu¨ß2xß2x´´ß2w´BO´¨BOL¨¨Bolivia¨¨The Plurinational State of Bolivia¨|¨America/La_Paz¨¨America/Lima¨¨America/Rio_Branco¨÷£-G.-82£-16.-2Q¨La Paz¨ß34ß34´´ß31´BQ´¨BES¨¨Bonaire¨¨Bonaire, Sint Eustatius and Saba¨|¨America/Kralendijk¨÷£C.2K£-16.-4I¨Kralendijk¨ß39ß36´´ß38´BA´¨BIH¨¨Bosnia and Herzegovina¨ß3B|¨Europe/Sarajevo¨÷£h.Di£I.6B¨Sarajevo¨ß3Dß3D´´ß3C´BW´¨BWA¨¨Botswana¨¨The Republic of Botswana¨|¨Africa/Gaborone¨÷£-O.-AQ£P.Ei¨Gaborone¨ß3I¨South-East¨´´ß3H´BV´¨BVT¨¨Bouvet Island¨ß3L|ß18÷£-s.-6m£3.5o´´´´ß3L´´ß18´BR´¨BRA¨¨Brazil¨¨The Federative Republic of Brazil¨|¨America/Araguaina¨¨America/Bahia¨¨America/Belem¨¨America/Boa_Vista¨¨America/Campo_Grande¨¨America/Cuiaba¨¨America/Eirunepe¨¨America/Fortaleza¨ß31¨America/Maceio¨¨America/Manaus¨¨America/Porto_Velho¨¨America/Recife¨ß33¨America/Santarem¨¨America/Sao_Paulo¨÷£-F.-Cd£-l.-Em¨Brasília¨¨Brasilia¨¨Distrito Federal¨´´ß3c´IO´¨IOT¨¨British Indian Ocean Territory¨¨The British Indian Ocean Territory¨|¨Indian/Chagos¨÷£-7.-53£1A.6d¨Diego Garcia¨ß3kß3h´´ß3j´VG´¨VGB¨¨British Virgin Islands¨¨The Virgin Islands¨|¨America/Tortola¨÷£I.6x£-12.-A3¨Road Town¨ß3pß3m´´ß3o´BN´¨BRN¨¨Brunei Darussalam¨ß3r|¨Asia/Brunei¨÷£4.EF£1q.F3¨Bandar Seri Begawan¨ß3t¨Brunei and Muara¨´´ß3s´BG´¨BGR¨¨Bulgaria¨¨The Republic of Bulgaria¨|¨Europe/Sofia¨÷£g.B1£N.57¨Sofia¨ß3z¨Grad Sofiya¨´´ß3y´BF´¨BFA¨¨Burkina Faso¨ß42|¨Africa/Ouagadougou¨÷£C.5y£-1.-8T¨Ouagadougou¨ß44¨Kadiogo¨´´ß43´BI´¨BDI¨¨Burundi¨¨The Republic of Burundi¨|¨Africa/Bujumbura¨÷£-3.-64£T.5o¨Bujumbura¨ß4A¨Bujumbura Mairie¨´´ß49´CV´¨CPV¨¨Cabo Verde¨¨The Republic of Cabo Verde¨|¨Atlantic/Cape_Verde¨÷£E.En£-N.-8L¨Praia¨ß4G´´´´ß4F´KH´¨KHM¨¨Cambodia¨¨The Kingdom of Cambodia¨|¨Asia/Phnom_Penh¨÷£B.8s£1g.En¨Phnom Penh¨ß4Lß4L´´ß4K´CM´¨CMR¨¨Cameroon¨¨The Republic of Cameroon¨|¨Africa/Douala¨÷£3.Dz£B.8L¨Yaoundé¨¨Yaounde¨¨Centre¨´´ß4P´CA´¨CAN¨¨Canada¨ß4U|¨America/Blanc-Sablon¨¨America/Cambridge_Bay¨¨America/Coral_Harbour¨¨America/Creston¨¨America/Dawson¨¨America/Dawson_Creek¨¨America/Detroit¨¨America/Edmonton¨¨America/Fort_Nelson¨¨America/Glace_Bay¨¨America/Goose_Bay¨¨America/Halifax¨¨America/Inuvik¨¨America/Iqaluit¨¨America/Moncton¨¨America/Nipigon¨¨America/Panama¨¨America/Pangnirtung¨¨America/Rankin_Inlet¨¨America/Regina¨¨America/Resolute¨¨America/St_Johns¨¨America/Thunder_Bay¨¨America/Toronto¨¨America/Vancouver¨¨America/Whitehorse¨¨America/Winnipeg¨¨America/Yellowknife¨÷£j.6j£-1D.-BI¨Ottawa¨ß4x¨Ontario¨´´ß4s´KY´¨CYM¨¨Cayman Islands¨¨The Cayman Islands¨|¨America/Cayman¨÷£J.4W£-1J.-5K¨George Town¨ß53´´´´ß52´CF´¨CAF¨¨Central African Republic¨¨The Central African Republic¨|¨Africa/Bangui¨÷£4.5v£I.90¨Bangui¨ß58ß58´´ß57´TD´¨TCD¨¨Chad¨¨The Republic of Chad¨|¨Africa/Ndjamena¨÷£C.1p£F.n¨N'Djamena¨ß5D¨Hadjer-Lamis¨´´ß5C´CL´¨CHL¨¨Chile¨¨The Republic of Chile¨|ß1T÷£-X.-7G£-18.-Al¨Santiago¨ß5I¨Región Metropolitana de Santiago¨´´ß1T´CN´¨CHN¨¨China¨¨The People's Republic of China¨|¨Asia/Shanghai¨¨Asia/Urumqi¨÷£d.Ez£1s.6G¨Beijing¨ß5Pß5P´´ß5N´CX´¨CXR¨¨Christmas Island¨¨The Territory of Christmas Island¨|¨Indian/Christmas¨÷£-A.-6s£1h.Ar¨Flying Fish Cove¨ß5Uß5R´´ß5T´CC´¨CCK¨¨Cocos (Keeling) Islands¨¨The Territory of Cocos (Keeling) Islands¨|¨Indian/Cocos¨÷£-C.-31£1Y.DM¨West Island¨ß5Zß5W´´ß5Y´CO´¨COL¨¨Colombia¨¨The Republic of Colombia¨|¨America/Bogota¨÷£4.9c£-1C.-1L¨Bogotá¨¨Bogota¨ß5f´´ß5d´KM´¨COM¨¨Comoros¨¨The Union of the Comoros¨|¨Indian/Comoro¨÷£-B.-BM£h.3s¨Moroni¨ß5k´´´´ß5j´CG´¨COG¨¨Congo¨¨The Republic of the Congo¨|¨Africa/Brazzaville¨÷£-4.-4B£F.4b¨Brazzaville¨ß5p¨Pool¨´´ß5o´CK´¨COK¨¨Cook Islands¨¨The Cook Islands¨|¨Pacific/Rarotonga¨÷£-L.-3L£-2Z.-CV¨Avarua¨ß5v¨Rarotonga¨´´ß5u´CR´¨CRI¨¨Costa Rica¨¨The Republic of Costa Rica¨|¨America/Costa_Rica¨÷£9.F5£-1M.-1M¨San José¨¨San Jose¨ß61´´ß60´CI´¨CIV¨¨Côte d'Ivoire¨¨The Republic of Côte d'Ivoire¨|¨Africa/Abidjan¨÷£6.DC£-5.-4S¨Yamoussoukro¨ß67¨Lacs¨´´ß66´HR´¨HRV¨¨Croatia¨¨The Republic of Croatia¨|¨Europe/Zagreb¨÷£j.Cu£F.G8¨Zagreb¨ß6D¨Grad Zagreb¨´´ß6C´CU´¨CUB¨¨Cuba¨¨The Republic of Cuba¨|¨America/Havana¨÷£N.28£-1K.-5s¨Havana¨ß6J¨Ciudad de la Habana¨´´ß6I´CW´¨CUW¨¨Curaçao¨¨The Country of Curaçao¨|¨America/Curacao¨÷£C.3E£-17.-K¨Willemstad¨ß6P´´´´ß6O´CY´¨CYP¨¨Cyprus¨¨The Republic of Cyprus¨|¨Asia/Nicosia¨÷£Z.2h£X.5v¨Nicosia¨ß6U´´´´ß6T´CZ´¨CZE¨¨Czechia¨¨The Czech Republic¨|¨Europe/Prague¨÷£o.1L£E.7W¨Prague¨ß6Zß6Z´´ß6Y´KP´¨PRK¨¨Democratic People's Republic of Korea¨¨The Democratic People's Republic of Korea¨|¨Asia/Pyongyang¨÷£d.J£21.CB¨Pyongyang¨ß6e¨P'yongyang¨´´ß6d´CD´¨COD¨¨Democratic Republic of the Congo¨¨The Democratic Republic of the Congo¨|¨Africa/Kinshasa¨¨Africa/Lubumbashi¨÷£-4.-5K£F.55¨Kinshasa¨ß6l¨Kinshasa City¨´´ß6j´DK´¨DNK¨¨Denmark¨¨The Kingdom of Denmark¨|¨Europe/Copenhagen¨÷£t.Au£C.9A¨Copenhagen¨ß6r¨Hovedstaden¨´´ß6q´DJ´¨DJI¨¨Djibouti¨¨The Republic of Djibouti¨|¨Africa/Djibouti¨÷£B.9b£h.2Oß6uß6uß6u´´ß6w´DM´¨DMA¨¨Dominica¨¨The Commonwealth of Dominica¨|¨America/Dominica¨÷£F.4r£-z.-6F¨Roseau¨ß71¨Saint George¨´´ß70´DO´¨DOM¨¨Dominican Republic¨¨The Dominican Republic¨|¨America/Santo_Domingo¨÷£I.7a£-17.-EW¨Santo Domingo¨ß77¨Distrito Nacional¨´´ß76´EC´¨ECU¨¨Ecuador¨¨The Republic of Ecuador¨|¨America/Guayaquil¨¨Pacific/Galapagos¨÷£0.-3T£-1G.-84¨Quito¨ß7E¨Pichincha¨´´ß7C´EG´¨EGY¨¨Egypt¨¨The Arab Republic of Egypt¨|¨Africa/Cairo¨÷£U.o£V.42¨Cairo¨ß7K¨Al Qahirah¨´´ß7J´SV´¨SLV¨¨El Salvador¨¨The Republic of El Salvador¨|¨America/El_Salvador¨÷£D.BS£-1R.-3H¨San Salvador¨ß7Qß7Q´´ß7P´GQ´¨GNQ¨¨Equatorial Guinea¨¨The Republic of Equatorial Guinea¨|¨Africa/Malabo¨÷£3.C6£8.Cd¨Malabo¨ß7V¨Bioko Norte¨´´ß7U´ER´¨ERI¨¨Eritrea¨¨The State of Eritrea¨|¨Africa/Nairobi¨÷£F.5N£c.F3¨Asmara¨ß7b¨Anseba¨´´ß7a´EE´¨EST¨¨Estonia¨¨The Republic of Estonia¨|¨Europe/Tallinn¨÷£x.70£O.Bk¨Tallinn¨ß7h¨Harju¨´´ß7g´SZ´¨SWZ¨¨Eswatini¨¨The Kingdom of Eswatini¨|¨Africa/Mbabane¨÷£-Q.-57£V.29¨Mbabane¨ß7n¨Hhohho¨´´ß7m´ET´¨ETH¨¨Ethiopia¨¨The Federal Democratic Republic of Ethiopia¨|¨Africa/Addis_Ababa¨÷£9.X£c.BI¨Addis Ababa¨ß7tß7t´´ß7s´FK´¨FLK¨¨Falkland Islands¨¨The Falkland Islands¨|¨Atlantic/Stanley¨÷£-p.-BI£-v.-Di¨Stanley¨ß7y´´´´ß7x´FO´¨FRO¨¨Faroe Islands¨¨The Faroe Islands¨|¨Atlantic/Faeroe¨÷£10.U£-6.-DE¨Tórshavn¨¨Torshavn¨¨Eysturoyar¨´´ß82´FJ´¨FJI¨¨Fiji¨¨The Republic of Fiji¨|¨Pacific/Fiji¨÷£-I.-29£2s.78¨Suva¨ß8A¨Central¨´´ß89´FI´¨FIN¨¨Finland¨¨The Republic of Finland¨|¨Europe/Helsinki¨÷£y.2q£O.F4¨Helsinki¨ß8G¨Southern Finland¨´´ß8F´FR´¨FRA¨¨France¨¨The French Republic¨|¨Europe/Paris¨÷£m.Dz£2.5N¨Paris¨ß8M¨Île-de-France¨´´ß8L´GF´¨GUF¨¨French Guiana¨¨Guyane¨|¨America/Cayenne¨÷£4.F3£-q.-5K¨Cayenne¨ß8S¨Mahaica-Berbice¨´´ß8R´PF´¨PYF¨¨French Polynesia¨ß8V|¨Pacific/Tahiti¨÷£-H.-8b£-2P.-99¨Papeete¨ß8X¨Tahiti¨´´ß8W´TF´¨ATF¨¨French Southern Territories¨¨The French Southern and Antarctic Lands¨|¨Indian/Reunion¨÷£-J.-s£-2j.-Ep¨Saint-Pierre¨ß8d¨Réunion¨´´ß8c´GA´¨GAB¨¨Gabon¨¨The Gabonese Republic¨|¨Africa/Libreville¨ß7U÷£0.6D£9.7O¨Libreville¨ß8j¨Estuaire¨´´ß8i´GM´¨GMB¨¨Gambia¨¨The Republic of the Gambia¨|¨Africa/Banjul¨÷£D.7K£-G.-9Y¨Banjul¨ß8pß8p´´ß8o´GE´¨GEO¨¨Georgia¨ß8r|¨Asia/Tbilisi¨÷£f.Bh£i.Cl¨Tbilisi¨ß8tß8t´´ß8s´DE´¨DEU¨¨Germany¨¨The Federal Republic of Germany¨|ß20÷£q.8Q£D.6U¨Berlin¨ß8xß8x´´ß20´GH´¨GHA¨¨Ghana¨¨The Republic of Ghana¨|¨Africa/Accra¨÷£5.8s£0.-3V¨Accra¨ß92¨Greater Accra¨´´ß91´GI´¨GIB¨¨Gibraltar¨ß95|¨Europe/Gibraltar¨÷£a.28£-5.-66ß95ß95ß95´´ß96´GR´¨GRC¨¨Greece¨¨The Hellenic Republic¨|¨Europe/Athens¨÷£b.Fr£N.Bp¨Athens¨ß9B¨Attiki¨´´ß9A´GL´¨GRL¨¨Greenland¨¨Kalaallit Nunaat¨|¨America/Danmarkshavn¨¨America/Godthab¨¨America/Thule¨÷£12.3C£-p.-Bp¨Nuuk¨ß9J¨Kommuneqarfik Sermersooq¨´´ß9H´GD´¨GRD¨¨Grenada¨ß9M|¨America/Grenada¨÷£C.r£-z.-By¨Saint George's¨ß9O´´´´ß9N´GP´¨GLP¨¨Guadeloupe¨ß9Q|¨America/Guadeloupe¨÷£G.3i£-z.-76¨Basse-Terre¨ß9Sß9Q´´ß9R´GU´¨GUM¨¨Guam¨¨The Territory of Guam¨|¨Pacific/Guam¨÷£D.7a£2K.C6¨Hagåtña¨¨Agana¨ß9U´GU´ß9W´GT´¨GTM¨¨Guatemala¨¨The Republic of Guatemala¨|¨America/Guatemala¨÷£E.A1£-1S.-8V¨Guatemala City¨ß9dß9a´´ß9c´GG´¨GGY¨¨Guernsey¨¨The Bailiwick of Guernsey¨|¨Europe/Guernsey¨÷£n.7M£-2.-8f¨Saint Peter Port¨ß9iß9f´´ß9h´GN´¨GIN¨¨Guinea¨¨The Republic of Guinea¨|¨Africa/Conakry¨÷£9.8a£-D.-Ay¨Conakry¨ß9nß9n´´ß9m´GW´¨GNB¨¨Guinea-Bissau¨¨The Republic of Guinea-Bissau¨|¨Africa/Bissau¨÷£B.Dx£-F.-9e¨Bissau¨ß9sß9s´´ß9r´GY´¨GUY¨¨Guyana¨¨The Co-operative Republic of Guyana¨|¨America/Guyana¨÷£6.Cw£-w.-2hß1kß1k¨Demerara-Mahaica¨´´ß9w´HT´¨HTI¨¨Haiti¨¨The Republic of Haiti¨|¨America/Port-au-Prince¨÷£I.8j£-1A.-5Q¨Port-au-Prince¨ßA2¨Ouest¨´´ßA1´HM´¨HMD¨¨Heard Island and McDonald Islands¨¨The Territory of Heard Island and McDonald Islands¨|¨Indian/Kerguelen¨÷£-r.-1c£1B.8L´´´´ßA5´´ßA7´VA´¨VAT¨¨Holy See¨¨The Holy See¨|¨Europe/Rome¨÷£f.EW£C.7E¨Vatican City¨ßAC¨Lazio¨´´ßAB´HN´¨HND¨¨Honduras¨¨The Republic of Honduras¨|¨America/Tegucigalpa¨÷£E.1e£-1P.-3W¨Tegucigalpa¨ßAI¨Francisco Morazán¨´´ßAH´HK´¨HKG¨¨Hong Kong¨¨The Hong Kong Special Administrative Region of China¨|¨Asia/Hong_Kong¨÷£M.4v£1q.2zßALßALßAL´´ßAN´HU´¨HUN¨¨Hungary¨ßAP|¨Europe/Budapest¨÷£l.84£J.1L¨Budapest¨ßARßAR´´ßAQ´IS´¨ISL¨¨Iceland¨ßAT|¨Atlantic/Reykjavik¨÷£12.2Q£-L.-FK¨Reykjavík¨¨Reykjavik¨¨Suðurnes¨´´ßAU´IN´¨IND¨¨India¨¨The Republic of India¨|¨Asia/Calcutta¨÷£S.9g£1F.3E¨New Delhi¨ßAc¨Delhi¨´´ßAb´ID´¨IDN¨¨Indonesia¨¨The Republic of Indonesia¨|¨Asia/Jakarta¨¨Asia/Jayapura¨¨Asia/Makassar¨¨Asia/Pontianak¨÷£-6.-2o£1i.DN¨Jakarta¨ßAl¨Jakarta Raya¨´´ßAh´IR´¨IRN¨¨Iran¨¨The Islamic Republic of Iran¨|¨Asia/Tehran¨÷£Z.Aq£p.6q¨Tehran¨ßArßAr´´ßAq´IQ´¨IRQ¨¨Iraq¨¨The Republic of Iraq¨|¨Asia/Baghdad¨÷£X.5T£i.6M¨Baghdad¨ßAwßAw´´ßAv´IE´¨IRL¨¨Ireland¨ßAy|¨Europe/Dublin¨÷£r.5N£-6.-41¨Dublin¨ßB0ßB0´´ßAz´IM´¨IMN¨¨Isle of Man¨¨The Isle of Man¨|¨Europe/Isle_of_Man¨÷£s.2Q£-4.-7k¨Douglas¨ßB5´´´´ßB4´IL´¨ISR¨¨Israel¨¨The State of Israel¨|¨Asia/Jerusalem¨÷£V.CY£Z.3L¨Jerusalem¨ßBAßBA´´ßB9´IT´¨ITA¨¨Italy¨¨The Republic of Italy¨|ßAB÷£f.ES£C.7n¨Rome¨ßBEßAD´´ßAB´JM´¨JAM¨¨Jamaica¨ßBG|¨America/Jamaica¨÷£H.Fl£-1E.-CN¨Kingston¨ßBIßBI´´ßBH´JP´¨JPN¨¨Japan¨ßBK|¨Asia/Tokyo¨÷£Z.B3£2F.C7¨Tokyo¨ßBMßBM´´ßBL´JE´¨JEY¨¨Jersey¨¨The Bailiwick of Jersey¨|¨Europe/Jersey¨÷£n.30£-2.-1m¨Saint Helier¨ßBRßBO´´ßBQ´JO´¨JOR¨¨Jordan¨¨The Hashemite Kingdom of Jordan¨|¨Asia/Amman¨÷£V.FK£Z.F3¨Amman¨ßBWßBW´´ßBV´KZ´¨KAZ¨¨Kazakhstan¨¨The Republic of Kazakhstan¨|¨Asia/Almaty¨¨Asia/Aqtau¨¨Asia/Aqtobe¨¨Asia/Atyrau¨¨Asia/Oral¨¨Asia/Qyzylorda¨÷£p.2v£19.6u¨Astana¨ßBg¨Aqmola¨´´ßBa´KE´¨KEN¨¨Kenya¨¨The Republic of Kenya¨|ß7a÷£-1.-4Z£a.DB¨Nairobi¨ßBlßBl´´ß7a´KI´¨KIR¨¨Kiribati¨¨The Republic of Kiribati¨|¨Pacific/Tarawa¨÷£1.5S£2n.I¨Tarawa¨ßBq´´´´ßBp´XK´¨KOS¨¨Kosovo¨¨The Republic of Kosovo¨|¨Europe/Belgrade¨÷£g.Al£L.2g¨Pristina¨ßBvßBv´´ßBu´KW´¨KWT¨¨Kuwait¨¨The State of Kuwait¨|¨Asia/Kuwait¨÷£T.5y£l.FmßBxßBx¨Al Kuwayt¨´´ßBz´KG´¨KGZ¨¨Kyrgyzstan¨¨The Kyrgyz Republic¨|¨Asia/Bishkek¨÷£g.E5£1C.9R¨Bishkek¨ßC5ßC5´´ßC4´LA´¨LAO¨¨Lao People's Democratic Republic¨¨The Lao People's Democratic Republic¨|¨Asia/Vientiane¨÷£H.Fb£1e.9g¨Vientiane¨ßCA¨Vientiane [prefecture]¨´´ßC9´LV´¨LVA¨¨Latvia¨¨The Republic of Latvia¨|¨Europe/Riga¨÷£u.FK£O.1c¨Riga¨ßCGßCG´´ßCF´LB´¨LBN¨¨Lebanon¨¨The Lebanese Republic¨|¨Asia/Beirut¨÷£X.E4£Z.8E¨Beirut¨ßCLßCL´´ßCK´LS´¨LSO¨¨Lesotho¨¨The Kingdom of Lesotho¨|¨Africa/Maseru¨÷£-T.-57£R.7n¨Maseru¨ßCQßCQ´´ßCP´LR´¨LBR¨¨Liberia¨¨The Republic of Liberia¨|¨Africa/Monrovia¨÷£6.51£-A.-Cz¨Monrovia¨ßCV¨Montserrado¨´´ßCU´LY´¨LBY¨¨Libya¨¨The State of Libya¨|¨Africa/Tripoli¨÷£W.EP£D.2u¨Tripoli¨ßCb¨Tajura' wa an Nawahi al Arba¨´´ßCa´LI´¨LIE¨¨Liechtenstein¨¨The Principality of Liechtenstein¨|¨Europe/Vaduz¨÷£l.2A£9.8L¨Vaduz¨ßCh´´´´ßCg´LT´¨LTU¨¨Lithuania¨¨The Republic of Lithuania¨|¨Europe/Vilnius¨÷£s.B1£P.57¨Vilnius¨ßCm¨Vilniaus¨´´ßCl´LU´¨LUX¨¨Luxembourg¨¨The Grand Duchy of Luxembourg¨|¨Europe/Luxembourg¨÷£n.9s£6.26ßCpßCpßCp´´ßCr´MO´¨MAC¨¨Macau¨¨The Macao Special Administrative Region of China¨|¨Asia/Macau¨÷£M.3H£1p.8nßCtßCt´´´´ßCv´MG´¨MDG¨¨Madagascar¨¨The Republic of Madagascar¨|¨Indian/Antananarivo¨÷£-I.-En£l.8L¨Antananarivo¨ßD0ßD0´´ßCz´MW´¨MWI¨¨Malawi¨¨The Republic of Malawi¨|¨Africa/Blantyre¨÷£-D.-Fr£X.Cd¨Lilongwe¨ßD5ßD5´´ßD4´MY´¨MYS¨¨Malaysia¨ßD7|¨Asia/Kuala_Lumpur¨¨Asia/Kuching¨÷£3.2h£1d.BI¨Kuala Lumpur¨ßDA¨Selangor¨´´ßD8´MV´¨MDV¨¨Maldives¨¨The Republic of Maldives¨|¨Indian/Maldives¨÷£4.2h£1B.84¨Male¨ßDG´´´´ßDF´ML´¨MLI¨¨Mali¨¨The Republic of Mali¨|¨Africa/Bamako¨÷£C.AU£-8.0¨Bamako¨ßDLßDL´´ßDK´MT´¨MLT¨¨Malta¨¨The Republic of Malta¨|¨Europe/Malta¨÷£Z.EW£E.8J¨Valletta¨ßDQ´´´´ßDP´MH´¨MHL¨¨Marshall Islands¨¨The Republic of the Marshall Islands¨|¨Pacific/Majuro¨÷£7.1f£2l.68¨Majuro¨ßDV´´´´ßDU´MQ´¨MTQ¨¨Martinique¨ßDX|¨America/Martinique¨÷£E.9q£-z.-1I¨Fort-de-France¨ßDZßDX´´ßDY´MR´¨MRT¨¨Mauritania¨¨The Islamic Republic of Mauritania¨|¨Africa/Dakar¨¨Africa/Nouakchott¨÷£I.1O£-F.-Fj¨Nouakchott¨ßDfßDf´´ßDe´MU´¨MUS¨¨Mauritius¨¨The Republic of Mauritius¨|¨Indian/Mauritius¨÷£-K.-2h£v.84¨Port Louis¨ßDk´´´´ßDj´YT´¨MYT¨¨Mayotte¨¨The Department of Mayotte¨|¨Indian/Mayotte¨÷£-C.-Cb£j.3g¨Mamoudzou¨ßDpßDm´´ßDo´MX´¨MEX¨¨Mexico¨¨The United Mexican States¨|¨America/Cancun¨¨America/Chihuahua¨¨America/Hermosillo¨¨America/Matamoros¨¨America/Mazatlan¨¨America/Merida¨¨America/Mexico_City¨¨America/Monterrey¨¨America/Ojinaga¨¨America/Tijuana¨÷£J.78£-1b.-27¨Mexico City¨ßE3ß3f´´ßDz´FM´¨FSM¨¨Micronesia¨¨The Federated States of Micronesia¨|¨Pacific/Guadalcanal¨÷£6.En£2Y.2Q¨Palikir¨ßE8´´´´ßE7´MC´¨MCO¨¨Monaco¨¨The Principality of Monaco¨|ß8L÷£h.Bw£7.6ZßEAßEA´´´´ß8L´MN´¨MNG¨¨Mongolia¨ßED|¨Asia/Choibalsan¨¨Asia/Hovd¨¨Asia/Ulaanbaatar¨÷£l.En£1i.En¨Ulaanbaatar¨ßEHßEH´´ßEG´ME´¨MNE¨¨Montenegro¨ßEJ|¨Europe/Podgorica¨÷£g.7W£J.4I¨Podgorica¨ßELßEL´´ßEK´MS´¨MSR¨¨Montserrat¨ßEN|¨Europe/London¨÷£o.6D£-4.-2a¨Plymouth¨ßEPßEP´´ßEO´MA´¨MAR¨¨Morocco¨¨The Kingdom of Morocco¨|¨Africa/Casablanca¨¨Africa/El_Aaiun¨÷£Y.P£-6.-DU¨Rabat¨ßEV¨Rabat - Salé - Zemmour - Zaer¨´´ßET´MZ´¨MOZ¨¨Mozambique¨¨The Republic of Mozambique¨|¨Africa/Lusaka¨¨Africa/Maputo¨÷£-P.-FP£W.9V¨Maputo¨ßEcßEc´´ßEb´MM´¨MMR¨¨Myanmar¨¨The Republic of the Union of Myanmar¨|¨Asia/Rangoon¨÷£J.CN£1Y.1v¨Naypyidaw¨ßEh¨Mandalay¨´´ßEg´NA´¨NAM¨¨Namibia¨¨The Republic of Namibia¨|ßt¨Africa/Windhoek¨÷£-M.-9C£H.1M¨Windhoek¨ßEn¨Khomas¨´´ßEm´NR´¨NRU¨¨Nauru¨¨The Republic of Nauru¨|¨Pacific/Nauru¨÷£0.-8q£2g.Er¨Yaren¨ßEtßEq´´ßEs´NP´¨NPL¨¨Nepal¨ßEv|¨Asia/Katmandu¨÷£R.BZ£1N.57¨Kathmandu¨ßEx¨Bhaktapur¨´´ßEw´NL´¨NLD¨¨Netherlands¨¨The Kingdom of the Netherlands¨|¨Europe/Amsterdam¨÷£q.5e£4.En¨Amsterdam¨ßF3¨Noord-Holland¨´´ßF2´NC´¨NCL¨¨New Caledonia¨ßF6|¨Pacific/Noumea¨÷£-M.-4F£2g.7A¨Nouméa¨¨Noumea¨ßF6´´ßF7´NZ´¨NZL¨¨New Zealand¨ßFB|¨Pacific/Auckland¨÷£-f.-4q£2o.Cd¨Wellington¨ßFD¨Manawatu-Wanganui¨´´ßFC´NI´¨NIC¨¨Nicaragua¨¨The Republic of Nicaragua¨|¨America/Managua¨÷£C.2T£-1O.-4K¨Managua¨ßFJßFJ´´ßFI´NE´¨NER¨¨Niger¨¨The Republic of the Niger¨|¨Africa/Niamey¨÷£D.8L£2.1t¨Niamey¨ßFOßFO´´ßFN´NG´¨NGA¨¨Nigeria¨¨The Federal Republic of Nigeria¨|¨Africa/Lagos¨÷£9.1L£7.8b¨Abuja¨ßFT¨Federal Capital Territory¨´´ßFS´NU´¨NIU¨¨Niue¨ßFW|¨Pacific/Niue¨÷Ý2eÝ2f¨Alofi¨ßFYßFW´´ßFX´NF´¨NFK¨¨Norfolk Island¨¨The Territory of Norfolk Island¨|¨Pacific/Norfolk¨÷£-T.-z£2h.FWßBIßBIßFa´´ßFc´MK´¨MKD¨¨North Macedonia¨¨The Republic of North Macedonia¨|¨Europe/Skopje¨÷£g.0£L.6z¨Skopje¨ßFh¨Centar¨´´ßFg´XC´¨CYN¨¨Northern Cyprus¨¨The Turkish Republic of Northern Cyprus¨|¨Asia/Famagusta¨÷£Z.34£X.5s¨North Nicosia¨ßFn¨Lefkosía¨´´ßFm´MP´¨MNP¨¨Northern Mariana Islands¨¨The Commonwealth of the Northern Mariana Islands¨|¨Pacific/Saipan¨÷£F.2x£2L.C6¨Saipan¨ßFtßFq´MP´ßFs´NO´¨NOR¨¨Norway¨¨The Kingdom of Norway¨|ß18÷£x.En£A.C6¨Oslo¨ßFxßFx´´ß18´OM´¨OMN¨¨Oman¨¨The Sultanate of Oman¨|¨Asia/Muscat¨÷£N.9t£w.9Z¨Muscat¨ßG2ßG2´´ßG1´PK´¨PAK¨¨Pakistan¨¨The Islamic Republic of Pakistan¨|¨Asia/Karachi¨÷£X.BI£1B.2h¨Islamabad¨ßG7¨F.C.T.¨´´ßG6´PW´¨PLW¨¨Palau¨¨The Republic of Palau¨|¨Pacific/Palau¨÷£7.5Z£2A.7a¨Koror¨ßGD´´´´ßGC´PA´¨PAN¨¨Panama¨¨The Republic of Panama¨|ß4l÷£8.Fc£-1H.-8b¨Panama City¨ßGHßGF´´ß4l´PG´¨PNG¨¨Papua New Guinea¨¨The Independent State of Papua New Guinea¨|¨Pacific/Bougainville¨¨Pacific/Port_Moresby¨÷£-9.-7V£2N.37¨Port Moresby¨ßGNß8B´´ßGM´PY´¨PRY¨¨Paraguay¨¨The Republic of Paraguay¨|ß1O÷£-P.-4m£-v.-AM¨Asunción¨¨Asuncion¨ßGR´´ß1O´PE´¨PER¨¨Peru¨¨The Republic of Peru¨|ß7Cß32÷£-C.-m£-1F.-o¨Lima¨ßGWßGW´´ß32´PH´¨PHL¨¨Philippines¨¨The Republic of the Philippines¨|¨Asia/Manila¨÷£E.9k£1w.Fq¨Manila¨ßGb¨Metropolitan Manila¨´´ßGa´PN´¨PCN¨¨Pitcairn¨¨The Pitcairn, Henderson, Ducie and Oeno Islands¨|¨Pacific/Pitcairn¨÷£-P.-15£-26.-1c¨Adamstown¨ßGhßGf´´ßGg´PL´¨POL¨¨Poland¨¨The Republic of Poland¨|¨Europe/Warsaw¨÷£q.42£K.G8¨Warsaw¨ßGm¨Masovian¨´´ßGl´PT´¨PRT¨¨Portugal¨¨The Portuguese Republic¨|¨Atlantic/Azores¨¨Atlantic/Madeira¨¨Europe/Lisbon¨÷£c.Bf£-9.-2L¨Lisbon¨ßGu¨Lisboa¨´´ßGt´PR´¨PRI¨¨Puerto Rico¨¨The Commonwealth of Puerto Rico¨|¨America/Puerto_Rico¨÷£I.76£-14.-26¨San Juan¨ßH0ßGx´PR´ßGz´QA´¨QAT¨¨Qatar¨¨The State of Qatar¨|¨Asia/Qatar¨÷£P.4d£p.8b¨Doha¨ßH5¨Ad Dawhah¨´´ßH4´KR´¨KOR¨¨Republic of Korea¨¨The Republic of Korea¨|¨Asia/Seoul¨÷£b.98£22.G8¨Seoul¨ßHBßHB´´ßHA´MD´¨MDA¨¨Republic of Moldova¨¨The Republic of Moldova¨|¨Europe/Chisinau¨÷£l.5£S.Dq¨Chisinau¨ßHGßHG´´ßHF´RE´¨REU¨ß8eß8e|ß8c÷£-K.-EB£t.7E¨Saint-Denis¨ßHIß8e´´ß8c´RO´¨ROU¨¨Romania¨ßHK|¨Europe/Bucharest¨÷£i.6z£Q.1c¨Bucharest¨ßHMßHM´´ßHL´RU´¨RUS¨¨Russian Federation¨¨The Russian Federation¨|¨Asia/Anadyr¨¨Asia/Barnaul¨¨Asia/Chita¨¨Asia/Irkutsk¨¨Asia/Kamchatka¨¨Asia/Khandyga¨¨Asia/Krasnoyarsk¨¨Asia/Magadan¨¨Asia/Novokuznetsk¨¨Asia/Novosibirsk¨¨Asia/Omsk¨¨Asia/Sakhalin¨¨Asia/Srednekolymsk¨¨Asia/Tomsk¨¨Asia/Ust-Nera¨¨Asia/Vladivostok¨¨Asia/Yakutsk¨¨Asia/Yekaterinburg¨¨Europe/Astrakhan¨¨Europe/Kaliningrad¨¨Europe/Kirov¨¨Europe/Moscow¨¨Europe/Samara¨¨Europe/Saratov¨¨Europe/Ulyanovsk¨¨Europe/Volgograd¨÷£t.C8£b.9w¨Moscow¨ßHq¨Moskva¨´´ßHl´RW´¨RWA¨¨Rwanda¨¨The Republic of Rwanda¨|¨Africa/Kigali¨÷£-1.-FO£U.z¨Kigali¨ßHw¨Kigali City¨´´ßHv´BQ´ß35¨Saba¨ß37|ß38÷£H.A6£-11.-41¨The Bottom¨ßHzßHy´´ß38´BL´¨BLM¨¨Saint Barthélemy¨¨The Collectivity of Saint-Barthélemy¨|¨America/St_Barthelemy¨÷£H.EU£-10.-Dj¨Gustavia¨ßI4ßI1´´ßI3´SH´ß1g¨Saint Helena¨ß1i|ß1j÷£-F.-Eu£-5.-Ba¨Jamestown¨ßI6ßI5´´ß1j´KN´¨KNA¨¨Saint Kitts and Nevis¨ßI8|¨America/St_Kitts¨÷£H.4s£-10.-BZ¨Basseterre¨ßIA´´´´ßI9´LC´¨LCA¨¨Saint Lucia¨ßIC|¨America/St_Lucia¨÷£E.2£-z.0¨Castries¨ßIE´´´´ßID´MF´¨MAF¨¨Saint Martin¨¨The Collectivity of Saint-Martin¨|¨America/Marigot¨÷£I.1B£-11.-1K¨Marigot¨ßIJßIG´´ßII´PM´¨SPM¨¨Saint Pierre and Miquelon¨¨The Overseas Collectivity of Saint-Pierre and Miquelon¨|¨America/Miquelon¨÷£k.CY£-u.-2sß8dß8dßIL´´ßIN´VC´¨VCT¨¨Saint Vincent and the Grenadines¨ßIP|¨America/St_Vincent¨÷£D.2O£-z.-3Q¨Kingstown¨ßIR´´´´ßIQ´WS´¨WSM¨¨Samoa¨¨The Independent State of Samoa¨|¨Pacific/Apia¨÷£-D.-Da£-2l.-Bv¨Apia¨ßIW´´´´ßIV´SM´¨SMR¨¨San Marino¨¨The Republic of San Marino¨|¨Europe/San_Marino¨÷£h.En£C.7XßIYßIY´´´´ßIa´ST´¨STP¨¨Sao Tome and Principe¨¨The Democratic Republic of Sao Tome and Principe¨|¨Africa/Sao_Tome¨÷£0.5N£6.Bp¨São Tomé¨¨Sao Tome¨´´´´ßIe´SA´¨SAU¨¨Saudi Arabia¨¨The Kingdom of Saudi Arabia¨|¨Asia/Riyadh¨÷£O.AL£k.CT¨Riyadh¨ßIl¨Ar Riyad¨´´ßIk´SN´¨SEN¨¨Senegal¨¨The Republic of Senegal¨|ßDdßDe÷£E.BY£-H.-7d¨Dakar¨ßIqßIq´´ßDd´RS´¨SRB¨¨Serbia¨¨The Republic of Serbia¨|ßBu÷£i.DD£K.7Y¨Belgrade¨ßIu¨Grad Beograd¨´´ßBu´SC´¨SYC¨¨Seychelles¨¨The Republic of Seychelles¨|¨Indian/Mahe¨÷£-4.-9x£t.7G¨Victoria¨ßJ0´´´´ßIz´SL´¨SLE¨¨Sierra Leone¨¨The Republic of Sierra Leone¨|¨Africa/Freetown¨÷£8.7a£-D.-3m¨Freetown¨ßJ5¨Western¨´´ßJ4´SG´¨SGP¨¨Singapore¨¨The Republic of Singapore¨|¨Asia/Singapore¨÷£1.4j£1f.DoßJ8ßJ8´´´´ßJA´BQ´ß35¨Sint Eustatius¨ß37|ß38÷£H.7n£-10.-Frß1fß1fßJB´´ß38´SX´¨SXM¨¨Sint Maarten¨ßJD|¨America/Lower_Princes¨÷£I.O£-11.-k¨Philipsburg¨ßJFßJD´´ßJE´SK´¨SVK¨¨Slovakia¨¨The Slovak Republic¨|¨Europe/Bratislava¨÷£m.2Q£H.1t¨Bratislava¨ßJK¨Bratislavský¨´´ßJJ´SI´¨SVN¨¨Slovenia¨¨The Republic of Slovenia¨|¨Europe/Ljubljana¨÷£k.tÝ4V¨Ljubljana¨ßJQ¨Osrednjeslovenska¨´´ßJP´SB´¨SLB¨¨Solomon Islands¨ßJT|ßE7÷£-9.-74£2Z.FK¨Honiara¨ßJU¨Guadalcanal¨´´ßE7´SO´¨SOM¨¨Somalia¨¨The Federal Republic of Somalia¨|¨Africa/Mogadishu¨ß7a÷£2.15£j.5v¨Mogadishu¨ßJa¨Banaadir¨´´ßJZ´XS´¨SOL¨¨Somaliland¨¨The Republic of Somaliland¨|ßJZ÷£9.92£i.13¨Hargeisa¨ßJf´´´´ßJZ´ZA´¨ZAF¨¨South Africa¨¨The Republic of South Africa¨|¨Africa/Johannesburg¨ßCP÷£-P.-BP£S.3h¨Pretoria¨ßJk¨Gauteng¨´´ßJj´GS´¨SGS¨¨South Georgia and the South Sandwich Islands¨ßJn|¨Atlantic/South_Georgia¨÷£-s.-4Z£-a.-7z¨King Edward Point¨ßJp´´´´ßJo´SS´¨SSD¨¨South Sudan¨¨The Republic of South Sudan¨|¨Africa/Juba¨÷£4.DO£V.9M¨Juba¨ßJu¨Central Equatoria¨´´ßJt´ES´¨ESP¨¨Spain¨¨The Kingdom of Spain¨|¨Africa/Ceuta¨¨Atlantic/Canary¨¨Europe/Madrid¨÷£e.6S£-3.-B1¨Madrid¨ßK2¨Comunidad de Madrid¨´´ßK1´LK´¨LKA¨¨Sri Lanka¨¨The Democratic Socialist Republic of Sri Lanka¨|¨Asia/Colombo¨÷£6.EW£1H.FK¨Sri Jayawardenepura Kotte¨ßK8¨Colombo¨´´ßK7´PS´¨PSE¨¨State of Palestine¨¨The State of Palestine¨|¨Asia/Gaza¨¨Asia/Hebron¨÷£V.8Y£Y.7B¨Gaza¨ßKF´´´´ßKD´SD´¨SDN¨¨Sudan¨¨The Republic of the Sudan¨|¨Africa/Khartoum¨÷£F.9U£W.8c¨Khartoum¨ßKKßKK´´ßKJ´SR´¨SUR¨¨Suriname¨¨The Republic of Suriname¨|¨America/Paramaribo¨÷£5.DT£-t.-2h¨Paramaribo¨ßKPßKP´´ßKO´SJ´¨SJM¨¨Svalbard and Jan Mayen¨ßKR|¨Arctic/Longyearbyen¨÷£1G.3V£F.8s¨Longyearbyen¨ßKT¨Svalbard¨´´ßKS´SE´¨SWE¨¨Sweden¨¨The Kingdom of Sweden¨|¨Europe/Stockholm¨÷£x.5f£I.1Z¨Stockholm¨ßKZßKZ´´ßKY´CH´¨CHE¨¨Switzerland¨¨The Swiss Confederation¨|¨Europe/Zurich¨÷£k.En£7.7X¨Bern¨ßKeßKe´´ßKd´SY´¨SYR¨¨Syrian Arab Republic¨¨The Syrian Arab Republic¨|¨Asia/Damascus¨÷£X.84£a.4q¨Damascus¨ßKjßKj´´ßKi´TW´¨TWN¨¨Taiwan¨¨The Republic of China¨|¨Asia/Taipei¨÷£P.a£1x.9A¨Taipei City¨ßKoßKo´´ßKn´TJ´¨TJK¨¨Tajikistan¨¨The Republic of Tajikistan¨|¨Asia/Dushanbe¨÷£c.92£16.CU¨Dushanbe¨ßKt¨Tadzhikistan Territories¨´´ßKs´TH´¨THA¨¨Thailand¨¨The Kingdom of Thailand¨|¨Asia/Bangkok¨÷£D.C6£1c.8L¨Bangkok¨ßKz¨Bangkok Metropolis¨´´ßKy´TL´¨TLS¨¨Timor-Leste¨¨The Democratic Republic of Timor-Leste¨|¨Asia/Dili¨÷£-8.-91£21.9L¨Dili¨ßL5ßL5´´ßL4´TG´¨TGO¨¨Togo¨¨The Togolese Republic¨|¨Africa/Lome¨÷£6.28£1.3b¨Lomé¨¨Lome¨¨Maritime¨´´ßL9´TK´¨TKL¨¨Tokelau¨ßLE|¨Pacific/Fakaofo¨÷£-9.-5t£-2l.-3T¨Fakaofo¨ßLGßLE´´ßLF´TO´¨TON¨¨Tonga¨¨The Kingdom of Tonga¨|¨Pacific/Tongatapu¨÷£-L.-2F£-2p.-3Z¨Nuku'alofa¨ßLL´´´´ßLK´TT´¨TTO¨¨Trinidad and Tobago¨¨The Republic of Trinidad and Tobago¨|¨America/Port_of_Spain¨÷£A.AW£-z.-8L¨Port-of-Spain¨ßLQ¨Port of Spain¨´´ßLP´SH´ß1g¨Tristan da Cunha¨ß1i|ß1j÷£-b.-15£-C.-57¨Edinburgh of the Seven Seas¨ßLTßLS´´ß1j´TN´¨TUN¨¨Tunisia¨¨The Republic of Tunisia¨|¨Africa/Tunis¨÷£a.Cx£A.2u¨Tunis¨ßLYßLY´´ßLX´TR´¨TUR¨¨Türkiye¨¨The Republic of Türkiye¨|¨Europe/Istanbul¨÷£d.Ex£W.Dw¨Ankara¨ßLdßLd´´ßLc´TM´¨TKM¨¨Turkmenistan¨ßLf|¨Asia/Ashgabat¨÷£b.FK£w.6B¨Ashgabat¨ßLh¨Ahal¨´´ßLg´TC´¨TCA¨¨Turks and Caicos Islands¨¨The Turks and Caicos Islands¨|¨America/Grand_Turk¨÷£L.7W£-19.-2C¨Cockburn Town¨ßLn¨Grand Turk¨´´ßLm´TV´¨TUV¨¨Tuvalu¨ßLq|¨Pacific/Funafuti¨÷£-8.-8L£2t.3V¨Funafuti¨ßLs´´´´ßLr´UM´¨UMI¨¨U.S. Minor Outlying Islands¨¨Baker Island, Howland Island, Jarvis Island, Johnston Atoll, Kingman Reef, Midway Atoll, Navassa Island, Palmyra Atoll, and Wake Island¨|¨Pacific/Midway¨÷£J.4l£2g.A8´´´´ßLu´UM´ßLw´VI´¨VIR¨¨U.S. Virgin Islands¨¨The Virgin Islands of the United States¨|¨America/St_Thomas¨÷£I.5e£-12.-FK¨Charlotte Amalie¨ßM1¨Virgin Islands¨´VI´ßM0´UG´¨UGA¨¨Uganda¨¨The Republic of Uganda¨|¨Africa/Kampala¨÷£0.57£W.9P¨Kampala¨ßM7ßM7´´ßM6´UA´¨UKR¨¨Ukraine¨ßM9|¨Europe/Kiev¨¨Europe/Simferopol¨¨Europe/Uzhgorod¨¨Europe/Zaporozhye¨÷£o.6z£U.8L¨Kyiv¨ßME¨Kiev City¨´´ßMA´AE´¨ARE¨¨United Arab Emirates¨¨The United Arab Emirates¨|¨Asia/Dubai¨÷£O.7X£s.5v¨Abu Dhabi¨ßMKßMK´´ßMJ´GB´¨GBR¨¨United Kingdom of Great Britain and Northern Ireland¨¨The United Kingdom of Great Britain and Northern Ireland¨|ßEO÷£p.84£0.-1t¨London¨ßMO¨Westminster¨´´ßEO´TZ´¨TZA¨¨United Republic of Tanzania¨¨The United Republic of Tanzania¨|ßD4¨Africa/Dar_es_Salaam¨÷£-6.-2x£Z.C6¨Dodoma¨ßMUßMU´´ßMT´US´¨USA¨¨United States of America¨¨The United States of America¨|¨America/Adak¨¨America/Anchorage¨¨America/Boise¨¨America/Chicago¨¨America/Denver¨ß4b¨America/Indianapolis¨¨America/Juneau¨¨America/Los_Angeles¨¨America/Louisville¨¨America/Menominee¨¨America/New_York¨¨America/Nome¨¨America/Phoenix¨¨America/Sitka¨¨America/Yakutat¨¨Pacific/Honolulu¨÷£c.EW£-1F.-9¨Washington, D.C.¨ßMo¨District of Columbia¨´DC´ßMi´UY´¨URY¨¨Uruguay¨¨The Eastern Republic of Uruguay¨|¨America/Montevideo¨÷£-Y.-Dq£-u.-2l¨Montevideo¨ßMußMu´´ßMt´UZ´¨UZB¨¨Uzbekistan¨¨The Republic of Uzbekistan¨|¨Asia/Samarkand¨¨Asia/Tashkent¨÷£f.52£17.4l¨Tashkent¨ßN0ßN0´´ßMz´VU´¨VUT¨¨Vanuatu¨¨The Republic of Vanuatu¨|¨Pacific/Efate¨÷£-H.-Bp£2i.57¨Port Vila¨¨Port-Vila¨¨Shefa¨´´ßN4´VE´¨VEN¨¨Venezuela¨¨The Bolivarian Republic of Venezuela¨|¨America/Caracas¨÷£A.85£-14.-En¨Caracas¨ßNC¨Distrito Capital¨´´ßNB´VN´¨VNM¨¨Viet Nam¨¨The Socialist Republic of Viet Nam¨|¨Asia/Saigon¨÷£L.X£1h.Di¨Hanoi¨ßNI¨Thái Nguyên¨´´ßNH´WF´¨WLF¨¨Wallis and Futuna¨¨The Territory of the Wallis and Futuna Islands¨|¨Pacific/Wallis¨÷£-D.-4Z£-2q.-2x¨Matā'utu¨¨Mata Utu¨ßNL´´ßNN´EH´¨ESH¨¨Western Sahara¨¨The Sahrawi Arab Democratic Republic¨|ßEU÷£R.2U£-D.-3H¨El-Aaiún¨¨Laayoune¨´´´´ßEU´YE´¨YEM¨¨Yemen¨¨The Republic of Yemen¨|¨Asia/Aden¨÷£F.5j£i.3L¨Sanaa¨ßNZ¨Amanat Al Asimah¨´´ßNY´ZM´¨ZMB¨¨Zambia¨¨The Republic of Zambia¨|ßEa÷£-F.-6j£S.4Z¨Lusaka¨ßNeßNe´´ßEa´ZW´¨ZWE¨¨Zimbabwe¨¨The Republic of Zimbabwe¨|¨Africa/Harare¨÷£-H.-DC£V.j¨Harare¨ßNjßNj´´ßNi—÷"}