{"data":"|¦¨capital¨¦¨latitude¨¨longitude¨¨name¨¨nameAscii¨¨province¨¨state¨¨timezone¨‡¨iso2¨¨iso3¨ß3¨officialName¨¨timezones¨‡£Y.8L£17.2x¨Kabul¨ßCßC´´¨Asia/Kabul¨¨AF¨¨AFG¨¨Afghanistan¨¨The Islamic Republic of Afghanistan¨|ßD÷£y.1Z£J.FJ¨Mariehamn¨ßI¨Finström¨´´¨Europe/Mariehamn¨¨AX¨¨ALA¨¨Åland Islands¨¨Åland¨|ßK÷£f.5I£J.DD¨Tirana¨ßP¨Durrës¨´´¨Europe/Tirane¨¨AL¨¨ALB¨¨Albania¨¨The Republic of Albania¨|ßR÷£a.CJ£3.p¨Algiers¨ßW¨Alger¨´´¨Africa/Algiers¨¨DZ¨¨DZA¨¨Algeria¨¨The People's Democratic Republic of Algeria¨|ßY÷£-E.-4T£-2k.-BP¨Pago Pago¨ßd¨American Samoa¨¨AS¨¨Pacific/Pago_Pago¨ßf¨ASM¨ße¨The Territory of American Samoa¨|ßg÷£g.84£1.8K¨Andorra la Vella¨ßj´´´´¨Europe/Andorra¨¨AD¨¨AND¨¨Andorra¨¨The Principality of Andorra¨|ßk÷£-8.-DW£D.3m¨Luanda¨ßpßp´´¨Africa/Luanda¨¨AO¨¨AGO¨¨Angola¨¨The Republic of Angola¨|ßq÷£I.3V£-11.-o¨The Valley¨ßvßv´´¨America/Anguilla¨¨AI¨¨AIA¨¨Anguilla¨ßz|ßw÷£-10.-X£-w.-5e¨King George Island¨ß10´´´´¨Antarctica/McMurdo¨´AQ´¨ATA¨¨Antarctica¨ß13|¨America/Buenos_Aires¨¨Antarctica/Casey¨ß11¨Antarctica/Palmer¨¨Antarctica/Rothera¨¨Antarctica/Syowa¨¨Europe/Oslo¨÷£H.1u£-z.-Di¨Saint John's¨ß1A´´´´¨America/Antigua¨´AG´¨ATG¨¨Antigua and Barbuda¨ß1D|ß1B÷£-Y.-9j£-w.-6Q¨Buenos Aires¨ß1E¨Ciudad de Buenos Aires¨´´ß14´AR´¨ARG¨¨Argentina¨¨The Argentine Republic¨|¨America/Argentina/La_Rioja¨¨America/Argentina/Rio_Gallegos¨¨America/Argentina/Salta¨¨America/Argentina/San_Juan¨¨America/Argentina/San_Luis¨¨America/Argentina/Tucuman¨¨America/Argentina/Ushuaia¨¨America/Asuncion¨ß14¨America/Catamarca¨¨America/Cordoba¨¨America/Jujuy¨¨America/Mendoza¨¨America/Santiago¨÷£e.2v£i.8I¨Yerevan¨ß1W¨Erevan¨´´¨Asia/Yerevan¨´AM´¨ARM¨¨Armenia¨¨The Republic of Armenia¨|ß1Y÷£C.8Y£-18.-T¨Oranjestad¨ß1c´´´´¨America/Aruba¨´AW´¨ABW¨¨Aruba¨ß1f|ß1d÷£-7.-Ez£-E.-6e¨Georgetown¨ß1g¨Ascension Island¨´´¨Atlantic/St_Helena¨´SH´¨SHN¨ß1h¨Saint Helena, Ascension and Tristan da Cunha¨|ß1i÷£-Z.-4Z£2P.25¨Canberra¨ß1l¨Australian Capital Territory¨´´¨Australia/Sydney¨´AU´¨AUS¨¨Australia¨ß1p|¨Australia/Adelaide¨¨Australia/Brisbane¨¨Australia/Broken_Hill¨¨Australia/Darwin¨¨Australia/Hobart¨¨Australia/Melbourne¨¨Australia/Perth¨ß1n÷£m.3E£G.5v¨Vienna¨ß1x¨Wien¨´´¨Europe/Vienna¨´AT´¨AUT¨¨Austria¨¨The Republic of Austria¨|¨Europe/Berlin¨ß1z÷£e.6N£n.Du¨Baku¨ß24¨Baki¨´´¨Asia/Baku¨´AZ´¨AZE¨¨Azerbaijan¨¨The Republic of Azerbaijan¨|ß26ß1Y÷£P.1L£-1F.-5e¨Nassau¨ß2A´´´´¨America/Nassau¨´BS´¨BHS¨¨Bahamas¨¨The Commonwealth of the Bahamas¨|ß2B÷£Q.3o£o.9P¨Manama¨ß2F´´´´¨Asia/Bahrain¨´BH´¨BHR¨¨Bahrain¨¨The Kingdom of Bahrain¨|ß2G÷£N.Bf£1S.6b¨Dhaka¨ß2Kß2K´´¨Asia/Dhaka¨´BD´¨BGD¨¨Bangladesh¨¨The People's Republic of Bangladesh¨|ß2L÷£D.1e£-x.-9x¨Bridgetown¨ß2P¨Saint Michael¨´´¨America/Barbados¨´BB´¨BRB¨¨Barbados¨ß2T|ß2R÷£r.EW£R.99¨Minsk¨ß2Uß2U´´¨Europe/Minsk¨´BY´¨BLR¨¨Belarus¨¨The Republic of Belarus¨|ß2V÷£o.DR£4.5N¨Brussels¨ß2Zß2Z´´¨Europe/Brussels¨´BE´¨BEL¨¨Belgium¨¨The Kingdom of Belgium¨|ß2a÷£H.44£-1Q.-CN¨Belmopan¨ß2e¨Cayo¨´´¨America/Belize¨´BZ´¨BLZ¨¨Belize¨ß2i|ß2g÷£6.7n£2.9x¨Porto-Novo¨ß2j¨Ouémé¨´´¨Africa/Porto-Novo¨´BJ´¨BEN¨¨Benin¨¨The Republic of Benin¨|ß2l÷£W.4k£-12.-Ce¨Hamilton¨ß2p´´´´¨Atlantic/Bermuda¨´BM´¨BMU¨¨Bermuda¨ß2s|ß2q÷£R.7d£1R.AJ¨Thimphu¨ß2tß2t´´¨Asia/Thimphu¨´BT´¨BTN¨¨Bhutan¨¨The Kingdom of Bhutan¨|ß2u÷£-G.-82£-16.-2Q¨La Paz¨ß2yß2y´´¨America/La_Paz¨´BO´¨BOL¨¨Bolivia¨¨The Plurinational State of Bolivia¨|ß2z¨America/Lima¨¨America/Rio_Branco¨÷£C.2K£-16.-4I¨Kralendijk¨ß35¨Bonaire¨´´¨America/Kralendijk¨´BQ´¨BES¨ß36¨Bonaire, Sint Eustatius and Saba¨|ß37÷£h.Di£I.6B¨Sarajevo¨ß3Aß3A´´¨Europe/Sarajevo¨´BA´¨BIH¨¨Bosnia and Herzegovina¨ß3D|ß3B÷£-O.-AQ£P.Ei¨Gaborone¨ß3E¨South-East¨´´¨Africa/Gaborone¨´BW´¨BWA¨¨Botswana¨¨The Republic of Botswana¨|ß3G÷£-s.-6m£3.5o´´´´¨Bouvet Island¨´´ß19´BV´¨BVT¨ß3Kß3K|ß19÷£-F.-Cd£-l.-Em¨Brasília¨¨Brasilia¨¨Distrito Federal¨´´¨America/Sao_Paulo¨´BR´¨BRA¨¨Brazil¨¨The Federative Republic of Brazil¨|¨America/Araguaina¨¨America/Bahia¨¨America/Belem¨¨America/Boa_Vista¨¨America/Campo_Grande¨¨America/Cuiaba¨¨America/Eirunepe¨¨America/Fortaleza¨ß2z¨America/Maceio¨¨America/Manaus¨¨America/Porto_Velho¨¨America/Recife¨ß34¨America/Santarem¨ß3P÷£-7.-53£1A.6d¨Diego Garcia¨ß3g¨British Indian Ocean Territory¨´´¨Indian/Chagos¨´IO´¨IOT¨ß3h¨The British Indian Ocean Territory¨|ß3i÷£I.6x£-12.-A3¨Road Town¨ß3l¨British Virgin Islands¨´´¨America/Tortola¨´VG´¨VGB¨ß3m¨The Virgin Islands¨|ß3n÷£4.EF£1q.F3¨Bandar Seri Begawan¨ß3q¨Brunei and Muara¨´´¨Asia/Brunei¨´BN´¨BRN¨¨Brunei Darussalam¨ß3u|ß3s÷£g.B1£N.57¨Sofia¨ß3v¨Grad Sofiya¨´´¨Europe/Sofia¨´BG´¨BGR¨¨Bulgaria¨¨The Republic of Bulgaria¨|ß3x÷£C.5y£-1.-8T¨Ouagadougou¨ß41¨Kadiogo¨´´¨Africa/Ouagadougou¨´BF´¨BFA¨¨Burkina Faso¨ß45|ß43÷£-3.-64£T.5o¨Bujumbura¨ß46¨Bujumbura Mairie¨´´¨Africa/Bujumbura¨´BI´¨BDI¨¨Burundi¨¨The Republic of Burundi¨|ß48÷£E.En£-N.-8L¨Praia¨ß4C´´´´¨Atlantic/Cape_Verde¨´CV´¨CPV¨¨Cabo Verde¨¨The Republic of Cabo Verde¨|ß4D÷£B.8s£1g.En¨Phnom Penh¨ß4Hß4H´´¨Asia/Phnom_Penh¨´KH´¨KHM¨¨Cambodia¨¨The Kingdom of Cambodia¨|ß4I÷£3.Dz£B.8L¨Yaoundé¨¨Yaounde¨¨Centre¨´´¨Africa/Douala¨´CM´¨CMR¨¨Cameroon¨¨The Republic of Cameroon¨|ß4P÷£j.6j£-1D.-BI¨Ottawa¨ß4T¨Ontario¨´´¨America/Toronto¨´CA´¨CAN¨¨Canada¨ß4X|¨America/Blanc-Sablon¨¨America/Cambridge_Bay¨¨America/Coral_Harbour¨¨America/Creston¨¨America/Dawson¨¨America/Dawson_Creek¨¨America/Detroit¨¨America/Edmonton¨¨America/Fort_Nelson¨¨America/Glace_Bay¨¨America/Goose_Bay¨¨America/Halifax¨¨America/Inuvik¨¨America/Iqaluit¨¨America/Moncton¨¨America/Nipigon¨¨America/Panama¨¨America/Pangnirtung¨¨America/Rankin_Inlet¨¨America/Regina¨¨America/Resolute¨¨America/St_Johns¨¨America/Thunder_Bay¨ß4V¨America/Vancouver¨¨America/Whitehorse¨¨America/Winnipeg¨¨America/Yellowknife¨÷£J.4W£-1J.-5K¨George Town¨ß4z´´´´¨America/Cayman¨´KY´¨CYM¨¨Cayman Islands¨¨The Cayman Islands¨|ß50÷£4.5v£I.90¨Bangui¨ß54ß54´´¨Africa/Bangui¨´CF´¨CAF¨¨Central African Republic¨¨The Central African Republic¨|ß55÷£C.1p£F.n¨N'Djamena¨ß59¨Hadjer-Lamis¨´´¨Africa/Ndjamena¨´TD´¨TCD¨¨Chad¨¨The Republic of Chad¨|ß5B÷£-X.-7G£-18.-Al¨Santiago¨ß5F¨Región Metropolitana de Santiago¨´´ß1V´CL´¨CHL¨¨Chile¨¨The Republic of Chile¨|ß1V÷£d.Ez£1s.6G¨Beijing¨ß5Kß5K´´¨Asia/Shanghai¨´CN´¨CHN¨¨China¨¨The People's Republic of China¨|ß5L¨Asia/Urumqi¨÷£-A.-6s£1h.Ar¨Flying Fish Cove¨ß5Q¨Christmas Island¨´´¨Indian/Christmas¨´CX´¨CXR¨ß5R¨The Territory of Christmas Island¨|ß5S÷£-C.-31£1Y.DM¨West Island¨ß5V¨Cocos (Keeling) Islands¨´´¨Indian/Cocos¨´CC´¨CCK¨ß5W¨The Territory of Cocos (Keeling) Islands¨|ß5X÷£4.9c£-1C.-1L¨Bogotá¨¨Bogota¨ß5b´´¨America/Bogota¨´CO´¨COL¨¨Colombia¨¨The Republic of Colombia¨|ß5c÷£-B.-BM£h.3s¨Moroni¨ß5g´´´´¨Indian/Comoro¨´KM´¨COM¨¨Comoros¨¨The Union of the Comoros¨|ß5h÷£-4.-4B£F.4b¨Brazzaville¨ß5l¨Pool¨´´¨Africa/Brazzaville¨´CG´¨COG¨¨Congo¨¨The Republic of the Congo¨|ß5n÷£-L.-3L£-2Z.-CV¨Avarua¨ß5r¨Rarotonga¨´´¨Pacific/Rarotonga¨´CK´¨COK¨¨Cook Islands¨¨The Cook Islands¨|ß5t÷£9.F5£-1M.-1M¨San José¨¨San Jose¨ß5x´´¨America/Costa_Rica¨´CR´¨CRI¨¨Costa Rica¨¨The Republic of Costa Rica¨|ß5z÷£6.DC£-5.-4S¨Yamoussoukro¨ß63¨Lacs¨´´¨Africa/Abidjan¨´CI´¨CIV¨¨Côte d'Ivoire¨¨The Republic of Côte d'Ivoire¨|ß65÷£j.Cu£F.G8¨Zagreb¨ß69¨Grad Zagreb¨´´¨Europe/Zagreb¨´HR´¨HRV¨¨Croatia¨¨The Republic of Croatia¨|ß6B÷£N.28£-1K.-5s¨Havana¨ß6F¨Ciudad de la Habana¨´´¨America/Havana¨´CU´¨CUB¨¨Cuba¨¨The Republic of Cuba¨|ß6H÷£C.3E£-17.-K¨Willemstad¨ß6L´´´´¨America/Curacao¨´CW´¨CUW¨¨Curaçao¨¨The Country of Curaçao¨|ß6M÷£Z.2h£X.5v¨Nicosia¨ß6Q´´´´¨Asia/Nicosia¨´CY´¨CYP¨¨Cyprus¨¨The Republic of Cyprus¨|ß6R÷£o.1L£E.7W¨Prague¨ß6Vß6V´´¨Europe/Prague¨´CZ´¨CZE¨¨Czechia¨¨The Czech Republic¨|ß6W÷£d.J£21.CB¨Pyongyang¨ß6a¨P'yongyang¨´´¨Asia/Pyongyang¨´KP´¨PRK¨¨Democratic People's Republic of Korea¨¨The Democratic People's Republic of Korea¨|ß6c÷£-4.-5K£F.55¨Kinshasa¨ß6g¨Kinshasa City¨´´¨Africa/Kinshasa¨´CD´¨COD¨¨Democratic Republic of the Congo¨¨The Democratic Republic of the Congo¨|ß6i¨Africa/Lubumbashi¨÷£t.Au£C.9A¨Copenhagen¨ß6n¨Hovedstaden¨´´¨Europe/Copenhagen¨´DK´¨DNK¨¨Denmark¨¨The Kingdom of Denmark¨|ß6p÷£B.9b£h.2O¨Djibouti¨ß6tß6t´´¨Africa/Djibouti¨´DJ´¨DJI¨ß6t¨The Republic of Djibouti¨|ß6u÷£F.4r£-z.-6F¨Roseau¨ß6x¨Saint George¨´´¨America/Dominica¨´DM´¨DMA¨¨Dominica¨¨The Commonwealth of Dominica¨|ß6z÷£I.7a£-17.-EW¨Santo Domingo¨ß73¨Distrito Nacional¨´´¨America/Santo_Domingo¨´DO´¨DOM¨¨Dominican Republic¨¨The Dominican Republic¨|ß75÷£0.-3T£-1G.-84¨Quito¨ß79¨Pichincha¨´´¨America/Guayaquil¨´EC´¨ECU¨¨Ecuador¨¨The Republic of Ecuador¨|ß7B¨Pacific/Galapagos¨÷£U.o£V.42¨Cairo¨ß7G¨Al Qahirah¨´´¨Africa/Cairo¨´EG´¨EGY¨¨Egypt¨¨The Arab Republic of Egypt¨|ß7I÷£D.BS£-1R.-3H¨San Salvador¨ß7Mß7M´´¨America/El_Salvador¨´SV´¨SLV¨¨El Salvador¨¨The Republic of El Salvador¨|ß7N÷£3.C6£8.Cd¨Malabo¨ß7R¨Bioko Norte¨´´¨Africa/Malabo¨´GQ´¨GNQ¨¨Equatorial Guinea¨¨The Republic of Equatorial Guinea¨|ß7T÷£F.5N£c.F3¨Asmara¨ß7X¨Anseba¨´´¨Africa/Nairobi¨´ER´¨ERI¨¨Eritrea¨¨The State of Eritrea¨|ß7Z÷£x.70£O.Bk¨Tallinn¨ß7d¨Harju¨´´¨Europe/Tallinn¨´EE´¨EST¨¨Estonia¨¨The Republic of Estonia¨|ß7f÷£-Q.-57£V.29¨Mbabane¨ß7j¨Hhohho¨´´¨Africa/Mbabane¨´SZ´¨SWZ¨¨Eswatini¨¨The Kingdom of Eswatini¨|ß7l÷£9.X£c.BI¨Addis Ababa¨ß7pß7p´´¨Africa/Addis_Ababa¨´ET´¨ETH¨¨Ethiopia¨¨The Federal Democratic Republic of Ethiopia¨|ß7q÷£-p.-BI£-v.-Di¨Stanley¨ß7u´´´´¨Atlantic/Stanley¨´FK´¨FLK¨¨Falkland Islands¨¨The Falkland Islands¨|ß7v÷£10.U£-6.-DE¨Tórshavn¨¨Torshavn¨¨Eysturoyar¨´´¨Atlantic/Faeroe¨´FO´¨FRO¨¨Faroe Islands¨¨The Faroe Islands¨|ß82÷£-I.-29£2s.78¨Suva¨ß86¨Central¨´´¨Pacific/Fiji¨´FJ´¨FJI¨¨Fiji¨¨The Republic of Fiji¨|ß88÷£y.2q£O.F4¨Helsinki¨ß8C¨Southern Finland¨´´¨Europe/Helsinki¨´FI´¨FIN¨¨Finland¨¨The Republic of Finland¨|ß8E÷£m.Dz£2.5N¨Paris¨ß8I¨Île-de-France¨´´¨Europe/Paris¨´FR´¨FRA¨¨France¨¨The French Republic¨|ß8K÷£4.F3£-q.-5K¨Cayenne¨ß8O¨Mahaica-Berbice¨´´¨America/Cayenne¨´GF´¨GUF¨¨French Guiana¨¨Guyane¨|ß8Q÷£-H.-8b£-2P.-99¨Papeete¨ß8U¨Tahiti¨´´¨Pacific/Tahiti¨´PF´¨PYF¨¨French Polynesia¨ß8Y|ß8W÷£-J.-s£-2j.-Ep¨Saint-Pierre¨ß8Z¨Réunion¨´´¨Indian/Reunion¨´TF´¨ATF¨¨French Southern Territories¨¨The French Southern and Antarctic Lands¨|ß8b÷£0.6D£9.7O¨Libreville¨ß8f¨Estuaire¨´´¨Africa/Libreville¨´GA´¨GAB¨¨Gabon¨¨The Gabonese Republic¨|ß8hß7T÷£D.7K£-G.-9Y¨Banjul¨ß8lß8l´´¨Africa/Banjul¨´GM´¨GMB¨¨Gambia¨¨The Republic of the Gambia¨|ß8m÷£f.Bh£i.Cl¨Tbilisi¨ß8qß8q´´¨Asia/Tbilisi¨´GE´¨GEO¨¨Georgia¨ß8t|ß8r÷£q.8Q£D.6U¨Berlin¨ß8uß8u´´ß23´DE´¨DEU¨¨Germany¨¨The Federal Republic of Germany¨|ß23÷£5.8s£0.-3V¨Accra¨ß8y¨Greater Accra¨´´¨Africa/Accra¨´GH´¨GHA¨¨Ghana¨¨The Republic of Ghana¨|ß90÷£a.28£-5.-66¨Gibraltar¨ß94ß94´´¨Europe/Gibraltar¨´GI´¨GIB¨ß94ß94|ß95÷£b.Fr£N.Bp¨Athens¨ß97¨Attiki¨´´¨Europe/Athens¨´GR´¨GRC¨¨Greece¨¨The Hellenic Republic¨|ß99÷£12.3C£-p.-Bp¨Nuuk¨ß9D¨Kommuneqarfik Sermersooq¨´´¨America/Godthab¨´GL´¨GRL¨¨Greenland¨¨Kalaallit Nunaat¨|¨America/Danmarkshavn¨ß9F¨America/Thule¨÷£C.r£-z.-By¨Saint George's¨ß9L´´´´¨America/Grenada¨´GD´¨GRD¨¨Grenada¨ß9O|ß9M÷£G.3i£-z.-76¨Basse-Terre¨ß9P¨Guadeloupe¨´´¨America/Guadeloupe¨´GP´¨GLP¨ß9Qß9Q|ß9R÷£D.7a£2K.C6¨Hagåtña¨¨Agana¨¨Guam¨´GU´¨Pacific/Guam¨´GU´¨GUM¨ß9V¨The Territory of Guam¨|ß9W÷£E.A1£-1S.-8V¨Guatemala City¨ß9Z¨Guatemala¨´´¨America/Guatemala¨´GT´¨GTM¨ß9a¨The Republic of Guatemala¨|ß9b÷£n.7M£-2.-8f¨Saint Peter Port¨ß9e¨Guernsey¨´´¨Europe/Guernsey¨´GG´¨GGY¨ß9f¨The Bailiwick of Guernsey¨|ß9g÷£9.8a£-D.-Ay¨Conakry¨ß9jß9j´´¨Africa/Conakry¨´GN´¨GIN¨¨Guinea¨¨The Republic of Guinea¨|ß9k÷£B.Dx£-F.-9e¨Bissau¨ß9oß9o´´¨Africa/Bissau¨´GW´¨GNB¨¨Guinea-Bissau¨¨The Republic of Guinea-Bissau¨|ß9p÷£6.Cw£-w.-2hß1gß1g¨Demerara-Mahaica¨´´¨America/Guyana¨´GY´¨GUY¨¨Guyana¨¨The Co-operative Republic of Guyana¨|ß9u÷£I.8j£-1A.-5Q¨Port-au-Prince¨ß9y¨Ouest¨´´¨America/Port-au-Prince¨´HT´¨HTI¨¨Haiti¨¨The Republic of Haiti¨|ßA0÷£-r.-1c£1B.8L´´´´¨Heard Island and McDonald Islands¨´´¨Indian/Kerguelen¨´HM´¨HMD¨ßA4¨The Territory of Heard Island and McDonald Islands¨|ßA5÷£f.EW£C.7E¨Vatican City¨ßA8¨Lazio¨´´¨Europe/Rome¨´VA´¨VAT¨¨Holy See¨¨The Holy See¨|ßAA÷£E.1e£-1P.-3W¨Tegucigalpa¨ßAE¨Francisco Morazán¨´´¨America/Tegucigalpa¨´HN´¨HND¨¨Honduras¨¨The Republic of Honduras¨|ßAG÷£M.4v£1q.2z¨Hong Kong¨ßAKßAK´´¨Asia/Hong_Kong¨´HK´¨HKG¨ßAK¨The Hong Kong Special Administrative Region of China¨|ßAL÷£l.84£J.1L¨Budapest¨ßAOßAO´´¨Europe/Budapest¨´HU´¨HUN¨¨Hungary¨ßAR|ßAP÷£12.2Q£-L.-FK¨Reykjavík¨¨Reykjavik¨¨Suðurnes¨´´¨Atlantic/Reykjavik¨´IS´¨ISL¨¨Iceland¨ßAX|ßAV÷£S.9g£1F.3E¨New Delhi¨ßAY¨Delhi¨´´¨Asia/Calcutta¨´IN´¨IND¨¨India¨¨The Republic of India¨|ßAa÷£-6.-2o£1i.DN¨Jakarta¨ßAe¨Jakarta Raya¨´´¨Asia/Jakarta¨´ID´¨IDN¨¨Indonesia¨¨The Republic of Indonesia¨|ßAg¨Asia/Jayapura¨¨Asia/Makassar¨¨Asia/Pontianak¨÷£Z.Aq£p.6q¨Tehran¨ßAnßAn´´¨Asia/Tehran¨´IR´¨IRN¨¨Iran¨¨The Islamic Republic of Iran¨|ßAo÷£X.5T£i.6M¨Baghdad¨ßAsßAs´´¨Asia/Baghdad¨´IQ´¨IRQ¨¨Iraq¨¨The Republic of Iraq¨|ßAt÷£r.5N£-6.-41¨Dublin¨ßAxßAx´´¨Europe/Dublin¨´IE´¨IRL¨¨Ireland¨ßB0|ßAy÷£s.2Q£-4.-7k¨Douglas¨ßB1´´´´¨Europe/Isle_of_Man¨´IM´¨IMN¨¨Isle of Man¨¨The Isle of Man¨|ßB2÷£V.CY£Z.3L¨Jerusalem¨ßB6ßB6´´¨Asia/Jerusalem¨´IL´¨ISR¨¨Israel¨¨The State of Israel¨|ßB7÷£f.ES£C.7n¨Rome¨ßBBßA9´´ßAA´IT´¨ITA¨¨Italy¨¨The Republic of Italy¨|ßAA÷£H.Fl£-1E.-CN¨Kingston¨ßBFßBF´´¨America/Jamaica¨´JM´¨JAM¨¨Jamaica¨ßBI|ßBG÷£Z.B3£2F.C7¨Tokyo¨ßBJßBJ´´¨Asia/Tokyo¨´JP´¨JPN¨¨Japan¨ßBM|ßBK÷£n.30£-2.-1m¨Saint Helier¨ßBN¨Jersey¨´´¨Europe/Jersey¨´JE´¨JEY¨ßBO¨The Bailiwick of Jersey¨|ßBP÷£V.FK£Z.F3¨Amman¨ßBSßBS´´¨Asia/Amman¨´JO´¨JOR¨¨Jordan¨¨The Hashemite Kingdom of Jordan¨|ßBT÷£p.2v£19.6u¨Astana¨ßBX¨Aqmola¨´´¨Asia/Almaty¨´KZ´¨KAZ¨¨Kazakhstan¨¨The Republic of Kazakhstan¨|ßBZ¨Asia/Aqtau¨¨Asia/Aqtobe¨¨Asia/Atyrau¨¨Asia/Oral¨¨Asia/Qyzylorda¨÷£-1.-4Z£a.DB¨Nairobi¨ßBißBi´´ß7Z´KE´¨KEN¨¨Kenya¨¨The Republic of Kenya¨|ß7Z÷£1.5S£2n.I¨Tarawa¨ßBm´´´´¨Pacific/Tarawa¨´KI´¨KIR¨¨Kiribati¨¨The Republic of Kiribati¨|ßBn÷£g.Al£L.2g¨Pristina¨ßBrßBr´´¨Europe/Belgrade¨´XK´¨KOS¨¨Kosovo¨¨The Republic of Kosovo¨|ßBs÷£T.5y£l.Fm¨Kuwait¨ßBw¨Al Kuwayt¨´´¨Asia/Kuwait¨´KW´¨KWT¨ßBw¨The State of Kuwait¨|ßBy÷£g.E5£1C.9R¨Bishkek¨ßC1ßC1´´¨Asia/Bishkek¨´KG´¨KGZ¨¨Kyrgyzstan¨¨The Kyrgyz Republic¨|ßC2÷£H.Fb£1e.9g¨Vientiane¨ßC6¨Vientiane [prefecture]¨´´¨Asia/Vientiane¨´LA´¨LAO¨¨Lao People's Democratic Republic¨¨The Lao People's Democratic Republic¨|ßC8÷£u.FK£O.1c¨Riga¨ßCCßCC´´¨Europe/Riga¨´LV´¨LVA¨¨Latvia¨¨The Republic of Latvia¨|ßCD÷£X.E4£Z.8E¨Beirut¨ßCHßCH´´¨Asia/Beirut¨´LB´¨LBN¨¨Lebanon¨¨The Lebanese Republic¨|ßCI÷£-T.-57£R.7n¨Maseru¨ßCMßCM´´¨Africa/Maseru¨´LS´¨LSO¨¨Lesotho¨¨The Kingdom of Lesotho¨|ßCN÷£6.51£-A.-Cz¨Monrovia¨ßCR¨Montserrado¨´´¨Africa/Monrovia¨´LR´¨LBR¨¨Liberia¨¨The Republic of Liberia¨|ßCT÷£W.EP£D.2u¨Tripoli¨ßCX¨Tajura' wa an Nawahi al Arba¨´´¨Africa/Tripoli¨´LY´¨LBY¨¨Libya¨¨The State of Libya¨|ßCZ÷£l.2A£9.8L¨Vaduz¨ßCd´´´´¨Europe/Vaduz¨´LI´¨LIE¨¨Liechtenstein¨¨The Principality of Liechtenstein¨|ßCe÷£s.B1£P.57¨Vilnius¨ßCi¨Vilniaus¨´´¨Europe/Vilnius¨´LT´¨LTU¨¨Lithuania¨¨The Republic of Lithuania¨|ßCk÷£n.9s£6.26¨Luxembourg¨ßCoßCo´´¨Europe/Luxembourg¨´LU´¨LUX¨ßCo¨The Grand Duchy of Luxembourg¨|ßCp÷£M.3H£1p.8n¨Macau¨ßCs´´´´¨Asia/Macau¨´MO´¨MAC¨ßCs¨The Macao Special Administrative Region of China¨|ßCt÷£-I.-En£l.8L¨Antananarivo¨ßCwßCw´´¨Indian/Antananarivo¨´MG´¨MDG¨¨Madagascar¨¨The Republic of Madagascar¨|ßCx÷£-D.-Fr£X.Cd¨Lilongwe¨ßD1ßD1´´¨Africa/Blantyre¨´MW´¨MWI¨¨Malawi¨¨The Republic of Malawi¨|ßD2÷£3.2h£1d.BI¨Kuala Lumpur¨ßD6¨Selangor¨´´¨Asia/Kuala_Lumpur¨´MY´¨MYS¨¨Malaysia¨ßDA|ßD8¨Asia/Kuching¨÷£4.2h£1B.84¨Male¨ßDC´´´´¨Indian/Maldives¨´MV´¨MDV¨¨Maldives¨¨The Republic of Maldives¨|ßDD÷£C.AU£-8.0¨Bamako¨ßDHßDH´´¨Africa/Bamako¨´ML´¨MLI¨¨Mali¨¨The Republic of Mali¨|ßDI÷£Z.EW£E.8J¨Valletta¨ßDM´´´´¨Europe/Malta¨´MT´¨MLT¨¨Malta¨¨The Republic of Malta¨|ßDN÷£7.1f£2l.68¨Majuro¨ßDR´´´´¨Pacific/Majuro¨´MH´¨MHL¨¨Marshall Islands¨¨The Republic of the Marshall Islands¨|ßDS÷£E.9q£-z.-1I¨Fort-de-France¨ßDW¨Martinique¨´´¨America/Martinique¨´MQ´¨MTQ¨ßDXßDX|ßDY÷£I.1O£-F.-Fj¨Nouakchott¨ßDaßDa´´¨Africa/Nouakchott¨´MR´¨MRT¨¨Mauritania¨¨The Islamic Republic of Mauritania¨|¨Africa/Dakar¨ßDb÷£-K.-2h£v.84¨Port Louis¨ßDg´´´´¨Indian/Mauritius¨´MU´¨MUS¨¨Mauritius¨¨The Republic of Mauritius¨|ßDh÷£-C.-Cb£j.3g¨Mamoudzou¨ßDl¨Mayotte¨´´¨Indian/Mayotte¨´YT´¨MYT¨ßDm¨The Department of Mayotte¨|ßDn÷£J.78£-1b.-27¨Mexico City¨ßDqß3O´´¨America/Mexico_City¨´MX´¨MEX¨¨Mexico¨¨The United Mexican States¨|¨America/Cancun¨¨America/Chihuahua¨¨America/Hermosillo¨¨America/Matamoros¨¨America/Mazatlan¨¨America/Merida¨ßDr¨America/Monterrey¨¨America/Ojinaga¨¨America/Tijuana¨÷£6.En£2Y.2Q¨Palikir¨ßE4´´´´¨Pacific/Guadalcanal¨´FM´¨FSM¨¨Micronesia¨¨The Federated States of Micronesia¨|ßE5÷£h.Bw£7.6Z¨Monaco¨ßE9´´´´ß8K´MC´¨MCO¨ßE9¨The Principality of Monaco¨|ß8K÷£l.En£1i.En¨Ulaanbaatar¨ßECßEC´´¨Asia/Ulaanbaatar¨´MN´¨MNG¨¨Mongolia¨ßEF|¨Asia/Choibalsan¨¨Asia/Hovd¨ßED÷£g.7W£J.4I¨Podgorica¨ßEIßEI´´¨Europe/Podgorica¨´ME´¨MNE¨¨Montenegro¨ßEL|ßEJ÷£o.6D£-4.-2a¨Plymouth¨ßEMßEM´´¨Europe/London¨´MS´¨MSR¨¨Montserrat¨ßEP|ßEN÷£Y.P£-6.-DU¨Rabat¨ßEQ¨Rabat - Salé - Zemmour - Zaer¨´´¨Africa/Casablanca¨´MA´¨MAR¨¨Morocco¨¨The Kingdom of Morocco¨|ßES¨Africa/El_Aaiun¨÷£-P.-FP£W.9V¨Maputo¨ßEXßEX´´¨Africa/Maputo¨´MZ´¨MOZ¨¨Mozambique¨¨The Republic of Mozambique¨|¨Africa/Lusaka¨ßEY÷£J.CN£1Y.1v¨Naypyidaw¨ßEd¨Mandalay¨´´¨Asia/Rangoon¨´MM´¨MMR¨¨Myanmar¨¨The Republic of the Union of Myanmar¨|ßEf÷£-M.-9C£H.1M¨Windhoek¨ßEj¨Khomas¨´´¨Africa/Windhoek¨´NA´¨NAM¨¨Namibia¨¨The Republic of Namibia¨|ßqßEl÷£0.-8q£2g.Er¨Yaren¨ßEp¨Nauru¨´´¨Pacific/Nauru¨´NR´¨NRU¨ßEq¨The Republic of Nauru¨|ßEr÷£R.BZ£1N.57¨Kathmandu¨ßEu¨Bhaktapur¨´´¨Asia/Katmandu¨´NP´¨NPL¨¨Nepal¨ßEy|ßEw÷£q.5e£4.En¨Amsterdam¨ßEz¨Noord-Holland¨´´¨Europe/Amsterdam¨´NL´¨NLD¨¨Netherlands¨¨The Kingdom of the Netherlands¨|ßF1÷£-M.-4F£2g.7A¨Nouméa¨¨Noumea¨¨New Caledonia¨´´¨Pacific/Noumea¨´NC´¨NCL¨ßF7ßF7|ßF8÷£-f.-4q£2o.Cd¨Wellington¨ßFA¨Manawatu-Wanganui¨´´¨Pacific/Auckland¨´NZ´¨NZL¨¨New Zealand¨ßFE|ßFC÷£C.2T£-1O.-4K¨Managua¨ßFFßFF´´¨America/Managua¨´NI´¨NIC¨¨Nicaragua¨¨The Republic of Nicaragua¨|ßFG÷£D.8L£2.1t¨Niamey¨ßFKßFK´´¨Africa/Niamey¨´NE´¨NER¨¨Niger¨¨The Republic of the Niger¨|ßFL÷£9.1L£7.8b¨Abuja¨ßFP¨Federal Capital Territory¨´´¨Africa/Lagos¨´NG´¨NGA¨¨Nigeria¨¨The Federal Republic of Nigeria¨|ßFR÷Ý2eÝ2f¨Alofi¨ßFV¨Niue¨´´¨Pacific/Niue¨´NU´¨NIU¨ßFWßFW|ßFX÷£-T.-z£2h.FWßBFßBF¨Norfolk Island¨´´¨Pacific/Norfolk¨´NF´¨NFK¨ßFZ¨The Territory of Norfolk Island¨|ßFa÷£g.0£L.6z¨Skopje¨ßFd¨Centar¨´´¨Europe/Skopje¨´MK´¨MKD¨¨North Macedonia¨¨The Republic of North Macedonia¨|ßFf÷£Z.34£X.5s¨North Nicosia¨ßFj¨Lefkosía¨´´¨Asia/Famagusta¨´XC´¨CYN¨¨Northern Cyprus¨¨The Turkish Republic of Northern Cyprus¨|ßFl÷£F.2x£2L.C6¨Saipan¨ßFp¨Northern Mariana Islands¨´MP´¨Pacific/Saipan¨´MP´¨MNP¨ßFq¨The Commonwealth of the Northern Mariana Islands¨|ßFr÷£x.En£A.C6¨Oslo¨ßFußFu´´ß19´NO´¨NOR¨¨Norway¨¨The Kingdom of Norway¨|ß19÷£N.9t£w.9Z¨Muscat¨ßFyßFy´´¨Asia/Muscat¨´OM´¨OMN¨¨Oman¨¨The Sultanate of Oman¨|ßFz÷£X.BI£1B.2h¨Islamabad¨ßG3¨F.C.T.¨´´¨Asia/Karachi¨´PK´¨PAK¨¨Pakistan¨¨The Islamic Republic of Pakistan¨|ßG5÷£7.5Z£2A.7a¨Koror¨ßG9´´´´¨Pacific/Palau¨´PW´¨PLW¨¨Palau¨¨The Republic of Palau¨|ßGA÷£8.Fc£-1H.-8b¨Panama City¨ßGE¨Panama¨´´ß4o´PA´¨PAN¨ßGF¨The Republic of Panama¨|ß4o÷£-9.-7V£2N.37¨Port Moresby¨ßGIß87´´¨Pacific/Port_Moresby¨´PG´¨PNG¨¨Papua New Guinea¨¨The Independent State of Papua New Guinea¨|¨Pacific/Bougainville¨ßGJ÷£-P.-4m£-v.-AM¨Asunción¨¨Asuncion¨ßGO´´ß1Q´PY´¨PRY¨¨Paraguay¨¨The Republic of Paraguay¨|ß1Q÷£-C.-m£-1F.-o¨Lima¨ßGTßGT´´ß33´PE´¨PER¨¨Peru¨¨The Republic of Peru¨|ß7Bß33÷£E.9k£1w.Fq¨Manila¨ßGX¨Metropolitan Manila¨´´¨Asia/Manila¨´PH´¨PHL¨¨Philippines¨¨The Republic of the Philippines¨|ßGZ÷£-P.-15£-26.-1c¨Adamstown¨ßGd¨The Pitcairn, Henderson, Ducie and Oeno Islands¨´´¨Pacific/Pitcairn¨´PN´¨PCN¨¨Pitcairn¨ßGe|ßGf÷£q.42£K.G8¨Warsaw¨ßGi¨Masovian¨´´¨Europe/Warsaw¨´PL´¨POL¨¨Poland¨¨The Republic of Poland¨|ßGk÷£c.Bf£-9.-2L¨Lisbon¨ßGo¨Lisboa¨´´¨Europe/Lisbon¨´PT´¨PRT¨¨Portugal¨¨The Portuguese Republic¨|¨Atlantic/Azores¨¨Atlantic/Madeira¨ßGq÷£I.76£-14.-26¨San Juan¨ßGw¨Puerto Rico¨´PR´¨America/Puerto_Rico¨´PR´¨PRI¨ßGx¨The Commonwealth of Puerto Rico¨|ßGy÷£P.4d£p.8b¨Doha¨ßH1¨Ad Dawhah¨´´¨Asia/Qatar¨´QA´¨QAT¨¨Qatar¨¨The State of Qatar¨|ßH3÷£b.98£22.G8¨Seoul¨ßH7ßH7´´¨Asia/Seoul¨´KR´¨KOR¨¨Republic of Korea¨¨The Republic of Korea¨|ßH8÷£l.5£S.Dq¨Chisinau¨ßHCßHC´´¨Europe/Chisinau¨´MD´¨MDA¨¨Republic of Moldova¨¨The Republic of Moldova¨|ßHD÷£-K.-EB£t.7E¨Saint-Denis¨ßHHß8a´´ß8b´RE´¨REU¨ß8aß8a|ß8b÷£i.6z£Q.1c¨Bucharest¨ßHJßHJ´´¨Europe/Bucharest¨´RO´¨ROU¨¨Romania¨ßHM|ßHK÷£t.C8£b.9w¨Moscow¨ßHN¨Moskva¨´´¨Europe/Moscow¨´RU´¨RUS¨¨Russian Federation¨¨The Russian Federation¨|¨Asia/Anadyr¨¨Asia/Barnaul¨¨Asia/Chita¨¨Asia/Irkutsk¨¨Asia/Kamchatka¨¨Asia/Khandyga¨¨Asia/Krasnoyarsk¨¨Asia/Magadan¨¨Asia/Novokuznetsk¨¨Asia/Novosibirsk¨¨Asia/Omsk¨¨Asia/Sakhalin¨¨Asia/Srednekolymsk¨¨Asia/Tomsk¨¨Asia/Ust-Nera¨¨Asia/Vladivostok¨¨Asia/Yakutsk¨¨Asia/Yekaterinburg¨¨Europe/Astrakhan¨¨Europe/Kaliningrad¨¨Europe/Kirov¨ßHP¨Europe/Samara¨¨Europe/Saratov¨¨Europe/Ulyanovsk¨¨Europe/Volgograd¨÷£-1.-FO£U.z¨Kigali¨ßHs¨Kigali City¨´´¨Africa/Kigali¨´RW´¨RWA¨¨Rwanda¨¨The Republic of Rwanda¨|ßHu÷£H.A6£-11.-41¨The Bottom¨ßHy¨Saba¨´´ß37´BQ´ß38ßHzß39|ß37÷£H.EU£-10.-Dj¨Gustavia¨ßI0¨Saint Barthélemy¨´´¨America/St_Barthelemy¨´BL´¨BLM¨ßI1¨The Collectivity of Saint-Barthélemy¨|ßI2÷£-F.-Eu£-5.-Ba¨Jamestown¨ßI5¨Saint Helena¨´´ß1i´SH´ß1jßI6ß1k|ß1i÷£H.4s£-10.-BZ¨Basseterre¨ßI7´´´´¨America/St_Kitts¨´KN´¨KNA¨¨Saint Kitts and Nevis¨ßIA|ßI8÷£E.2£-z.0¨Castries¨ßIB´´´´¨America/St_Lucia¨´LC´¨LCA¨¨Saint Lucia¨ßIE|ßIC÷£I.1B£-11.-1K¨Marigot¨ßIF¨Saint Martin¨´´¨America/Marigot¨´MF´¨MAF¨ßIG¨The Collectivity of Saint-Martin¨|ßIH÷£k.CY£-u.-2sß8Zß8Z¨Saint Pierre and Miquelon¨´´¨America/Miquelon¨´PM´¨SPM¨ßIK¨The Overseas Collectivity of Saint-Pierre and Miquelon¨|ßIL÷£D.2O£-z.-3Q¨Kingstown¨ßIO´´´´¨America/St_Vincent¨´VC´¨VCT¨¨Saint Vincent and the Grenadines¨ßIR|ßIP÷£-D.-Da£-2l.-Bv¨Apia¨ßIS´´´´¨Pacific/Apia¨´WS´¨WSM¨¨Samoa¨¨The Independent State of Samoa¨|ßIT÷£h.En£C.7X¨San Marino¨ßIX´´´´¨Europe/San_Marino¨´SM´¨SMR¨ßIX¨The Republic of San Marino¨|ßIY÷£0.5N£6.Bp¨São Tomé¨¨Sao Tome¨´´´´¨Africa/Sao_Tome¨´ST´¨STP¨¨Sao Tome and Principe¨¨The Democratic Republic of Sao Tome and Principe¨|ßId÷£O.AL£k.CT¨Riyadh¨ßIh¨Ar Riyad¨´´¨Asia/Riyadh¨´SA´¨SAU¨¨Saudi Arabia¨¨The Kingdom of Saudi Arabia¨|ßIj÷£E.BY£-H.-7d¨Dakar¨ßInßIn´´ßDf´SN´¨SEN¨¨Senegal¨¨The Republic of Senegal¨|ßDfßDb÷£i.DD£K.7Y¨Belgrade¨ßIr¨Grad Beograd¨´´ßBs´RS´¨SRB¨¨Serbia¨¨The Republic of Serbia¨|ßBs÷£-4.-9x£t.7G¨Victoria¨ßIw´´´´¨Indian/Mahe¨´SC´¨SYC¨¨Seychelles¨¨The Republic of Seychelles¨|ßIx÷£8.7a£-D.-3m¨Freetown¨ßJ1¨Western¨´´¨Africa/Freetown¨´SL´¨SLE¨¨Sierra Leone¨¨The Republic of Sierra Leone¨|ßJ3÷£1.4j£1f.Do¨Singapore¨ßJ7´´´´¨Asia/Singapore¨´SG´¨SGP¨ßJ7¨The Republic of Singapore¨|ßJ8÷£H.7n£-10.-Frß1cß1c¨Sint Eustatius¨´´ß37´BQ´ß38ßJBß39|ß37÷£I.O£-11.-k¨Philipsburg¨ßJC¨Sint Maarten¨´´¨America/Lower_Princes¨´SX´¨SXM¨ßJDßJD|ßJE÷£m.2Q£H.1t¨Bratislava¨ßJG¨Bratislavský¨´´¨Europe/Bratislava¨´SK´¨SVK¨¨Slovakia¨¨The Slovak Republic¨|ßJI÷£k.tÝ4V¨Ljubljana¨ßJM¨Osrednjeslovenska¨´´¨Europe/Ljubljana¨´SI´¨SVN¨¨Slovenia¨¨The Republic of Slovenia¨|ßJO÷£-9.-74£2Z.FK¨Honiara¨ßJS¨Guadalcanal¨´´ßE5´SB´¨SLB¨¨Solomon Islands¨ßJV|ßE5÷£2.15£j.5v¨Mogadishu¨ßJW¨Banaadir¨´´¨Africa/Mogadishu¨´SO´¨SOM¨¨Somalia¨¨The Federal Republic of Somalia¨|ßJYß7Z÷£9.92£i.13¨Hargeisa¨ßJc´´´´ßJY´XS´¨SOL¨¨Somaliland¨¨The Republic of Somaliland¨|ßJY÷£-P.-BP£S.3h¨Pretoria¨ßJg¨Gauteng¨´´¨Africa/Johannesburg¨´ZA´¨ZAF¨¨South Africa¨¨The Republic of South Africa¨|ßJißCN÷£-s.-4Z£-a.-7z¨King Edward Point¨ßJm´´´´¨Atlantic/South_Georgia¨´GS´¨SGS¨¨South Georgia and the South Sandwich Islands¨ßJp|ßJn÷£4.DO£V.9M¨Juba¨ßJq¨Central Equatoria¨´´¨Africa/Juba¨´SS´¨SSD¨¨South Sudan¨¨The Republic of South Sudan¨|ßJs÷£e.6S£-3.-B1¨Madrid¨ßJw¨Comunidad de Madrid¨´´¨Europe/Madrid¨´ES´¨ESP¨¨Spain¨¨The Kingdom of Spain¨|¨Africa/Ceuta¨¨Atlantic/Canary¨ßJy÷£6.EW£1H.FK¨Sri Jayawardenepura Kotte¨ßK4¨Colombo¨´´¨Asia/Colombo¨´LK´¨LKA¨¨Sri Lanka¨¨The Democratic Socialist Republic of Sri Lanka¨|ßK6÷£V.8Y£Y.7B¨Gaza¨ßKA´´´´¨Asia/Gaza¨´PS´¨PSE¨¨State of Palestine¨¨The State of Palestine¨|ßKB¨Asia/Hebron¨÷£F.9U£W.8c¨Khartoum¨ßKGßKG´´¨Africa/Khartoum¨´SD´¨SDN¨¨Sudan¨¨The Republic of the Sudan¨|ßKH÷£5.DT£-t.-2h¨Paramaribo¨ßKLßKL´´¨America/Paramaribo¨´SR´¨SUR¨¨Suriname¨¨The Republic of Suriname¨|ßKM÷£1G.3V£F.8s¨Longyearbyen¨ßKQ¨Svalbard¨´´¨Arctic/Longyearbyen¨´SJ´¨SJM¨¨Svalbard and Jan Mayen¨ßKU|ßKS÷£x.5f£I.1Z¨Stockholm¨ßKVßKV´´¨Europe/Stockholm¨´SE´¨SWE¨¨Sweden¨¨The Kingdom of Sweden¨|ßKW÷£k.En£7.7X¨Bern¨ßKaßKa´´¨Europe/Zurich¨´CH´¨CHE¨¨Switzerland¨¨The Swiss Confederation¨|ßKb÷£X.84£a.4q¨Damascus¨ßKfßKf´´¨Asia/Damascus¨´SY´¨SYR¨¨Syrian Arab Republic¨¨The Syrian Arab Republic¨|ßKg÷£P.a£1x.9A¨Taipei City¨ßKkßKk´´¨Asia/Taipei¨´TW´¨TWN¨¨Taiwan¨¨The Republic of China¨|ßKl÷£c.92£16.CU¨Dushanbe¨ßKp¨Tadzhikistan Territories¨´´¨Asia/Dushanbe¨´TJ´¨TJK¨¨Tajikistan¨¨The Republic of Tajikistan¨|ßKr÷£D.C6£1c.8L¨Bangkok¨ßKv¨Bangkok Metropolis¨´´¨Asia/Bangkok¨´TH´¨THA¨¨Thailand¨¨The Kingdom of Thailand¨|ßKx÷£-8.-91£21.9L¨Dili¨ßL1ßL1´´¨Asia/Dili¨´TL´¨TLS¨¨Timor-Leste¨¨The Democratic Republic of Timor-Leste¨|ßL2÷£6.28£1.3b¨Lomé¨¨Lome¨¨Maritime¨´´¨Africa/Lome¨´TG´¨TGO¨¨Togo¨¨The Togolese Republic¨|ßL9÷£-9.-5t£-2l.-3T¨Fakaofo¨ßLD¨Tokelau¨´´¨Pacific/Fakaofo¨´TK´¨TKL¨ßLEßLE|ßLF÷£-L.-2F£-2p.-3Z¨Nuku'alofa¨ßLH´´´´¨Pacific/Tongatapu¨´TO´¨TON¨¨Tonga¨¨The Kingdom of Tonga¨|ßLI÷£A.AW£-z.-8L¨Port-of-Spain¨ßLM¨Port of Spain¨´´¨America/Port_of_Spain¨´TT´¨TTO¨¨Trinidad and Tobago¨¨The Republic of Trinidad and Tobago¨|ßLO÷£-b.-15£-C.-57¨Edinburgh of the Seven Seas¨ßLS¨Tristan da Cunha¨´´ß1i´SH´ß1jßLTß1k|ß1i÷£a.Cx£A.2u¨Tunis¨ßLUßLU´´¨Africa/Tunis¨´TN´¨TUN¨¨Tunisia¨¨The Republic of Tunisia¨|ßLV÷£d.Ex£W.Dw¨Ankara¨ßLZßLZ´´¨Europe/Istanbul¨´TR´¨TUR¨¨Türkiye¨¨The Republic of Türkiye¨|ßLa÷£b.FK£w.6B¨Ashgabat¨ßLe¨Ahal¨´´¨Asia/Ashgabat¨´TM´¨TKM¨¨Turkmenistan¨ßLi|ßLg÷£L.7W£-19.-2C¨Cockburn Town¨ßLj¨Grand Turk¨´´¨America/Grand_Turk¨´TC´¨TCA¨¨Turks and Caicos Islands¨¨The Turks and Caicos Islands¨|ßLl÷£-8.-8L£2t.3V¨Funafuti¨ßLp´´´´¨Pacific/Funafuti¨´TV´¨TUV¨¨Tuvalu¨ßLs|ßLq÷£J.4l£2g.A8´´´´¨U.S. Minor Outlying Islands¨´UM´¨Pacific/Midway¨´UM´¨UMI¨ßLt¨Baker Island, Howland Island, Jarvis Island, Johnston Atoll, Kingman Reef, Midway Atoll, Navassa Island, Palmyra Atoll, and Wake Island¨|ßLu÷£I.5e£-12.-FK¨Charlotte Amalie¨ßLx¨Virgin Islands¨´VI´¨America/St_Thomas¨´VI´¨VIR¨¨U.S. Virgin Islands¨¨The Virgin Islands of the United States¨|ßLz÷£0.57£W.9P¨Kampala¨ßM3ßM3´´¨Africa/Kampala¨´UG´¨UGA¨¨Uganda¨¨The Republic of Uganda¨|ßM4÷£o.6z£U.8L¨Kyiv¨ßM8¨Kiev City¨´´¨Europe/Kiev¨´UA´¨UKR¨¨Ukraine¨ßMC|ßMA¨Europe/Simferopol¨¨Europe/Uzhgorod¨¨Europe/Zaporozhye¨÷£O.7X£s.5v¨Abu Dhabi¨ßMGßMG´´¨Asia/Dubai¨´AE´¨ARE¨¨United Arab Emirates¨¨The United Arab Emirates¨|ßMH÷£p.84£0.-1t¨London¨ßML¨Westminster¨´´ßEN´GB´¨GBR¨¨United Kingdom of Great Britain and Northern Ireland¨¨The United Kingdom of Great Britain and Northern Ireland¨|ßEN÷£-6.-2x£Z.C6¨Dodoma¨ßMQßMQ´´¨Africa/Dar_es_Salaam¨´TZ´¨TZA¨¨United Republic of Tanzania¨¨The United Republic of Tanzania¨|ßD2ßMR÷£c.EW£-1F.-9¨Washington, D.C.¨ßMV¨District of Columbia¨´DC´¨America/New_York¨´US´¨USA¨¨United States of America¨¨The United States of America¨|¨America/Adak¨¨America/Anchorage¨¨America/Boise¨¨America/Chicago¨¨America/Denver¨ß4e¨America/Indianapolis¨¨America/Juneau¨¨America/Los_Angeles¨¨America/Louisville¨¨America/Menominee¨ßMX¨America/Nome¨¨America/Phoenix¨¨America/Sitka¨¨America/Yakutat¨¨Pacific/Honolulu¨÷£-Y.-Dq£-u.-2l¨Montevideo¨ßMqßMq´´¨America/Montevideo¨´UY´¨URY¨¨Uruguay¨¨The Eastern Republic of Uruguay¨|ßMr÷£f.52£17.4l¨Tashkent¨ßMvßMv´´¨Asia/Tashkent¨´UZ´¨UZB¨¨Uzbekistan¨¨The Republic of Uzbekistan¨|¨Asia/Samarkand¨ßMw÷£-H.-Bp£2i.57¨Port Vila¨¨Port-Vila¨¨Shefa¨´´¨Pacific/Efate¨´VU´¨VUT¨¨Vanuatu¨¨The Republic of Vanuatu¨|ßN4÷£A.85£-14.-En¨Caracas¨ßN8¨Distrito Capital¨´´¨America/Caracas¨´VE´¨VEN¨¨Venezuela¨¨The Bolivarian Republic of Venezuela¨|ßNA÷£L.X£1h.Di¨Hanoi¨ßNE¨Thái Nguyên¨´´¨Asia/Saigon¨´VN´¨VNM¨¨Viet Nam¨¨The Socialist Republic of Viet Nam¨|ßNG÷£-D.-4Z£-2q.-2x¨Matā'utu¨¨Mata Utu¨¨Wallis and Futuna¨´´¨Pacific/Wallis¨´WF´¨WLF¨ßNM¨The Territory of the Wallis and Futuna Islands¨|ßNN÷£R.2U£-D.-3H¨El-Aaiún¨¨Laayoune¨´´´´ßEW´EH´¨ESH¨¨Western Sahara¨¨The Sahrawi Arab Democratic Republic¨|ßEW÷£F.5j£i.3L¨Sanaa¨ßNV¨Amanat Al Asimah¨´´¨Asia/Aden¨´YE´¨YEM¨¨Yemen¨¨The Republic of Yemen¨|ßNX÷£-F.-6j£S.4Z¨Lusaka¨ßNbßNb´´ßEc´ZM´¨ZMB¨¨Zambia¨¨The Republic of Zambia¨|ßEc÷£-H.-DC£V.j¨Harare¨ßNfßNf´´¨Africa/Harare¨´ZW´¨ZWE¨¨Zimbabwe¨¨The Republic of Zimbabwe¨|ßNg÷—÷"}